#,include,lang,item,spice,word,skip,doubt,complex,language,script,term,script alt,term alt,IPA,gloss,meaning_id,meaning,explanation,remark,etymons,cognates,derivates,compare,note,loanword,donor,century,date,period,based on,att page,attested,att link,sources,source page,source,source link,ref page,reference,ref link,ref page2,reference2,ref link2,done,Unnamed: 45,Unnamed: 46,Unnamed: 47
1.0,no,la,tester,test,,,,,Language A,Ñ‚ĞµÑÑ‚,test,Ğ°Ğ»Ñ‚,altest,tÉ›st,literal1,meaning1,meaning1,explanation1,remark1,Latin *testum*,cognates1,derivates1,,note1,yes,,14,c. 1300,,,,,,,1,oed,https://www.oed.com/view/Entry/199677,test1,oed,https://www.oed.com/view/Entry/199677,,,,,,,
2.0,no,la,tester,,,,,,Language B,Ñ‚ĞµÑÑ‚ĞµÑ€,tester,Ğ°Ğ»Ñ‚Ğµ,altester,ËˆtÉ›stÉ™,literal2,id.,meaning2,explanation2,,,cognates2,,,,,yes,12,,,,,,,,2-3,wehr_dictionary_1976,https://www.oed.com/view/Entry/199677,test2,oed,https://www.oed.com/view/Entry/199677,,,,,,,
3.0,no,la,tester,,,,,,Language C,Ñ‚ĞµÑÑ‚Ğ¸Ğ½Ğ³,testing,Ğ°Ğ»Ñ‚ÑƒĞ¼,altesting,ËˆtÉ›stÉªÅ‹,literal3,id.,meaning3,,remark3,,,derivates3,,note3,,,-9,,,,,,,,4;5,wehr_dictionary_1976;liddell_greekenglish_1940,,test3,oed,https://www.oed.com/view/Entry/199677,,,,,,,
4.0,no,la,tester,,,,,,Language D,Ñ‚ĞµÑÑ‚Ğµ,teste,Ğ°Ğ»Ñ‚a,alta,ËˆaltÉ™,literal4,meaning4,meaning4,explanation4,remark4,,cognates4,derivates4,,note4,,,-6,c. -600,,,,,,,6;;7,wehr_dictionary_1976;lewis_latin_1879;liddell_greekenglish_1940,,test4,oed,,,,,,,,
,,,,,,,,,,,,,,,,,,,,,,,,,,,,,,,,,,,,,,,,,,,,,,,
1.0,yes,en,pepper,,,,,,English,,pepper,,,,,,,,,Middle English *peper*; Old English *pipor*,,,,https://old-engli.sh/dictionary.php,,,9,,,,,,,,,oed;lewis_middle_1952;bosworth_anglosaxon_2014,https://www.oed.com/view/Entry/140433?; https://quod.lib.umich.edu/m/middle-english-dictionary/dictionary/MED32888/; https://bosworthtoller.com/25235,,OE,https://www.etymonline.com/word/pepper,,Bosworth Toller,https://bosworthtoller.com/25235,yes,,oed,https://www.oed.com/view/Entry/140433?
2.0,yes,en,pepper,,,,yes,,West Germanic,,*pipor,,,,,id.,id.,,,,,,,,yes,,5?,,,,,,,,,oe,https://en.wiktionary.org/wiki/pepper,,Wiktionary,https://en.wiktionary.org/wiki/pepper,,,,yes,,EE; OE; MW; AH; WK,
3.0,yes,en,pepper,,,,,,Latin,,piper,,,,,"black pepper, long pepper","black pepper, long pepper",,,,,,,,yes,yes,-4,,,,,,,,,lewis_latin_1879,http://www.perseus.tufts.edu/hopper/text?doc=Perseus%3Atext%3A1999.04.0059%3Aentry%3Dpiper,,Lewis & Short,http://www.perseus.tufts.edu/hopper/text?doc=Perseus%3Atext%3A1999.04.0059%3Aentry%3Dpiper,,,,yes,,EE; OE; MW; AH; WK ,
4.0,yes,en,pepper,,,,,,Ancient Greek,Ï€Î­Ï€ÎµÏÎ¹,pÃ©peri,,,,,id.,id.,,,,,,,,yes,yes,-5,,,,,,,,,liddell_greekenglish_1940,http://www.perseus.tufts.edu/hopper/morph?l=pe%2Fperi%5E&la=greek&can=pe%2Fperi%5E0#Perseus:text:1999.04.0057:entry=pe/peri^-contents,,Liddel & Scott,http://www.perseus.tufts.edu/hopper/morph?l=pe%2Fperi%5E&la=greek&can=pe%2Fperi%5E0#Perseus:text:1999.04.0057:entry=pe/peri^-contents,,,,yes,,EE; OE; MW; AH; WK;,
5.0,yes,en,pepper,,,,yes,,Pahlavi,,?,,,,,,,,,,,,,,yes,yes,,,,,,,,,,Wiktionary,,,,,,,,yes,,WK,
6.0,yes,en,pepper,,,,,,Middle Indo-Aryan,à¤ªà¤¿à¤ªà¥à¤ªà¤°à¥€ ,pipparÄ«,,,,,long pepper,long pepper,,,,,,,,,yes,,,,,,,,,599,sheth_paiasaddamahannavo_1923,,599,Sheth,https://dsal.uchicago.edu/cgi-bin/app/sheth_query.py?qs=%E0%A4%AA%E0%A4%BF%E0%A4%AA%E0%A5%8D%E0%A4%AA%E0%A4%B0%E0%A5%80&searchhws=yes,,,,yes,,OE; AH; WK,
7.0,yes,en,pepper,,,,,,Sanskrit,à¤ªà¤¿à¤ªà¥à¤ªà¤²à¤¿ ,pippali,à¤ªà¤¿à¤ªà¥à¤ªà¤²à¥€,pippalÄ«,,,long pepper \textit{Piper longum} (plant and berry); a berry,long pepper *Piper longum* (plant and berry); a berry,,,,,,,,,,,,,,,,,,626,monier-williams_sanskritenglish_1899,https://www.sanskrit-lexicon.uni-koeln.de/scans/csl-apidev/servepdf.php?dict=MW&page=628,626,Monier-Williams,https://www.sanskrit-lexicon.uni-koeln.de/scans/csl-apidev/servepdf.php?dict=MW&page=628,,,,yes,,EE; OE; MW; AH; WK,
,,,,,,,,,,,,,,,,,,,,,,,,,,,,,,,,,,,,,,,,,,,,,,,
1.0,yes,ar,fulful,,,,,,Arabic,ÙÙ„ÙÙ„,filfil,,,,,pepper,pepper,,,,,,,,yes,,,,,,,,,,2434,lane_arabic-english_1863,,,HW,http://ejtaal.net/aa/#hw4=864,,sq,http://arabiclexicon.hawramani.com/?p=121371#ee739c,yes,,,
2.0,yes,ar,fulful,,,,,,Persian,Ù¾Ù„Ù¾Ù„,pilpil,,,,,id.,id.,,,,"Old Armenian \hy{ÕºÕ²ÕºÕ¥Õ²} \textit{pÅ‚peÅ‚}, Old Georgian \ka{áƒáƒ˜áƒšáƒáƒ˜áƒšáƒ˜} \textit{á¹—ilá¹—ili}",,,,yes,yes,,,,,,,,,,,,,,,,,,yes,,,
3.0,yes,ar,fulful,,,,yes,,Middle Indo-Aryan,à¤ªà¤¿à¤ªà¥à¤ªà¤°à¥€ ,pipparÄ«,,,,,long pepper,long pepper,,,,,,,,yes,yes,,,,,,,,,,,,,,,,,,yes,,,
4.0,yes,ar,fulful,,,,,,Sanskrit,à¤ªà¤¿à¤ªà¥à¤ªà¤²à¤¿,pippali,à¤ªà¤¿à¤ªà¥à¤ªà¤²à¥€,pippalÄ«,,,long pepper \textit{Piper longum} (plant and berry); a berry,long pepper *Piper longum* (plant and berry); a berry,,,,,,,,,yes,,,,,,,,,,sq,http://arabiclexicon.hawramani.com/?p=121371#ee739c,,,,,,,yes,,,
,,,,,,,,,,,,,,,,,,,,,,,,,,,,,,,,,,,,,,,,,,,,,,,
1.0,yes,zh,hujiao,,,,,,Mandarin Chinese,èƒ¡æ¤’,hÃºâ€‹jiÄo,,,,barbarian-pepper,black pepper,black pepper,"from èƒ¡ \textit{hÃºâ€‹} `Western barbarians, steppe nomads' + æ¤’ \textit{jiÄo} `pepper, spice'","\textit{jiÄo} was the prototype spice in China, originally referring to the local ``Sichuan pepper'' which is now called èŠ±æ¤’ \textit{huÄjiÄo} [flower-pepper]",,,,,,,,5,5,[Northern and Southern] 420-445,,,Hou Han Shu,,,,schuessler_abc_2007,,,WOLD,https://wold.clld.org/word/77161647843099036,,,,yes,,,
,,,,,,,,,,,,,,,,,,,,,,,,,,,,,,,,,,,,,,,,,,,,,,,
1.0,no,hu,bors,,,,,,Hungarian,,bors,,,,pepper,(black) pepper,(black) pepper,,,,,,,"bors [1075 tn., 1395 k.] JÃ¶vevÃ©nyszÃ³ egy tÃ¶rÃ¶k nyelvbÅ‘l a honfoglalÃ¡s elÅ‘tti idÅ‘bÅ‘l, vÃ¶. oszmÃ¡n-tÃ¶rÃ¶k nyelvjÃ¡rÃ¡si burÃ§, csuvas pÃ§rÃ§s: â€™borsâ€™. A tÃ¶rÃ¶k szavak irÃ¡ni eredetÅ±ek, vÃ¶. szogd marÄ, pamÃ­ri mÃ¤rÄ: â€™ugyanazâ€™. A szÃ³vÃ©gi dezaffrikÃ¡ciÃ³ mÃ¡s tÃ¶rÃ¶k eredetÅ± szavunkban is megfigyelhetÅ‘, vÃ¶. kos, kÅ‘ris. A szÃ³ a kereskedelem rÃ©vÃ©n jutott el nyelvÃ¼nkbe. SzÃ¡rmazÃ©kai a borsos [1333 tn.], borsoz [1540 k. (?), 1779 e.], borsika [1783].",yes,,11,1075,,,,,,,,zaicz_etimologiai_2006,,,,,,,,yes,,,
2.0,no,hu,bors,,,,,,Turkic,,?,,,,,id.,black pepper,,,,Ottoman Turkish \textit{burÃ§}; Chuvash \textit{pÉ™rÉ™s},,,,yes,yes,,,,,,,,,,zaicz_etimologiai_2006,,,,,,,,yes,,,
3.0,no,hu,bors,,,,,,Iranian,,?,,,,,id.,black pepper,,,,Sogdian \textit{marÄ}; Pamiri \textit{mÃ¤rÄ},,,,yes,yes,,,,,,,,,,zaicz_etimologiai_2006,,,,,,,,yes,,,
4.0,no,hu,bors,,,,,,Sanskrit,à¤®à¤°à¤¿à¤š,marica,,,,,id.,black pepper,,,,,,,,,yes,,,,,,,,,790,monier-williams_sanskritenglish_1899,https://www.sanskrit-lexicon.uni-koeln.de/scans/csl-apidev/servepdf.php?dict=mw&page=0790,790,monier-williams_sanskrit-english_1899,https://www.sanskrit-lexicon.uni-koeln.de/scans/csl-apidev/servepdf.php?dict=mw&page=0790,,,,yes,,,
,,,,,,,,,,,,,,,,,,,,,,,,,,,,,,,,,,,,,,,,,,,,,,,
1.0,yes,en,long pepper,,,,,,English,,long pepper,,,,,,long pepper,,,,"Anglo-Norman as poivre lonc (13th cent.; Middle French, French poivre long) and also Middle Dutch lanc peper (Dutch lange peper), Middle Low German lanc pÄ“per, lancpÄ“per, Old High German langpfeffar (Middle High German langer pheffer, German langer Pfeffer), Old Swedish langa pipar (Swedish lÃ¥ngpeppar)",,,,yes,,10,,eOE,,,Bald's Leechbook,,,long pepper,oed,https://www.oed.com/view/Entry/109975?redirectedFrom=long+pepper#eid38794535,,,,,,,yes,,,
2.0,yes,en,long pepper,,,,,,Latin,,piper longus,,,,pepper-long,id.,long pepper,,,,,,,,,yes,,,,,,,,,,,,,,,,,,yes,,,
,,,,,,,,,,,,,,,,,,,,,,,,,,,,,,,,,,,,,,,,,,,,,,,
1.0,yes,ar,darfilfil,,,,,,Arabic,Ø¯Ø§Ø±ÙÙ„ÙÙ„,dÄrfilfil,,dÄrfulful,,,long pepper,long pepper,compound of two Persian words,,,,,,,yes,,,,,,,,,,2435,lane_arabic-english_1863,,,dozy_supplement_1881,http://arabiclexicon.hawramani.com/?p=51032#99e851,,,,yes,,,
2.0,yes,ar,darfilfil,,,,,,Persian,Ø¯Ø§Ø± Ù¾Ù„Ù¾Ù„â€,dÄr pilpil,,,,,id.,long pepper,formed within Persian from \textit{dÄr} `wood' + \textit{pilpil} `pepper',both words are Sanskrit loanwords,,,,,,yes,yes,,,,,,,,,,,,496,steingass_comprehensive_1892,https://dsal.uchicago.edu/cgi-bin/app/steingass_query.py?page=496,,,,yes,,,
3.0,yes,ar,darfilfil,,,yes,yes,ultimately from,Sanskrit,,dÄru + pippali,,,,,,long pepper,,,,,,,,,yes,,,,,,,,,,,,,,,,,,yes,,,
,,,,,,,,,,,,,,,,,,,,,,,,,,,,,,,,,,,,,,,,,,,,,,,
1.0,yes,zh,biba,,,,,,Mandarin Chinese,è“½æ‹”,bÃ¬bÃ¡,,,MC /piÉªtÌš  buÉ‘tÌš/,,long pepper,long pepper,a phonetic loan,,,,,,,yes,,,,,,,,,,,,,,,,,,,yes,,,
2.0,yes,zh,biba,,,,,,Sanskrit,à¤ªà¤¿à¤ªà¥à¤ªà¤²à¤¿ ,pippali,à¤ªà¤¿à¤ªà¥à¤ªà¤²à¥€,pippalÄ«,,,long pepper \textit{Piper longum} (plant and berry); a berry,long pepper \textit{Piper longum} (plant and berry); a berry,,,,,,,,,yes,,,,,,,,,626,monier-williams_sanskritenglish_1899,https://www.sanskrit-lexicon.uni-koeln.de/scans/csl-apidev/servepdf.php?dict=MW&page=628,626,Monier-Williams,https://www.sanskrit-lexicon.uni-koeln.de/scans/csl-apidev/servepdf.php?dict=MW&page=628,,,,yes,,,
,,,,,,,,,,,,,,,,,,,,,,,,,,,,,,,,,,,,,,,,,,,,,,,
1.0,yes,en,allspice,allspice,allspice,,,,English,,allspice,,,,,,,"from *all* + *spice*; after the flavor profile that resembles the combined aroma of cloves, nutmeg, cinnamon, and black pepper",,,,,,,no,,17,1621,,,,,,oed;oe,allspice,oed,https://www.oed.com/view/Entry/5494,,oed,https://www.oed.com/view/Entry/5494,,OE,https://www.etymonline.com/word/allspice,,,,
,,,,,,,,,,,,,,,,,,,,,,,,,,,,,,,,,,,,,,,,,,,,,,,
1.0,yes,ar,fulful ifranji,allspice,fulful ifranji,,,,Arabic,ÙÙ„ÙÙ„ Ø¥ÙØ±Ù†Ø¬ÙŠ,fulful ifranjÄ«,,,,European pepper,allspice,allspice,"literally `Frankish pepper', named so because it was transmitted by Europeans",,,,,,,no,,18?,1700?,,,,,,baalbaki_1995_almawrid,,baalbaki_1995_almawrid,,,,,,,,,,,
,,,,,,,,,,,,,,,,,,,,,,,,,,,,,,,,,,,,,,,,,,,,,,,
1.0,yes,zh,duoxiangguo,allspice,duoxiangguo,,,,Mandarin Chinese,å¤šé¦™æœ,duÅxiÄngguÇ’,,,,many-spice-fruit,allspice,allspice,maybe inspired by a foreign name,,,,,,,no,,20?,20?,Modern,,,,,mdbg,,mdbg,,,,,,,,,,,
,,,,,,,,,,,,,,,,,,,,,,,,,,,,,,,,,,,,,,,,,,,,,,,
1.0,yes,en,pimento,,,,,,English,,pimento,,,,,allspice; sweet pepper,allspice; sweet pepper,,,,,,,,yes,,17,c. 1660,,,,,,oed,pimento,oed,https://www.oed.com/view/Entry/143999?,pimento,oed,https://www.oed.com/view/Entry/143999?,,OE,https://www.etymonline.com/word/pimento#etymonline_v_14997,yes,,,
2.0,yes,en,pimento,,,,,partly,Portuguese,,pimenta,,more fully *pimenta da Jamaica*,,,allspice; sweet pepper; black pepper,allspice; sweet pepper; black pepper,,,,,,,,,yes,15,,,,,,,oed,pimento,oed,https://www.oed.com/view/Entry/143999?,pimento,oed,https://www.oed.com/view/Entry/143999?,,,,yes,,,
3.0,yes,en,pimento,,,,,and partly,Spanish,,pimiento,,,,,hot and sweet pepper; formerly also black pepper; pepper plant of both kinds,hot and sweet pepper; formerly also black pepper; pepper plant of both kinds,"earlier *pimienta* 'black pepper, peppercorn, ground pepper' 13th c.",,,,,,,,yes,15,1495,,,,,,oed,pimiento,oed,https://www.oed.com/view/Entry/144002?,pimiento,DLE,https://dle.rae.es/pimienta?m=form,,DLE,https://dle.rae.es/pimiento?m=form,yes,,,
4.0,yes,en,pimento,,,,,,Medieval Latin,,pigmenta,,,,,plant juice; food seasoning; condiment; spices; perfumes,plant juice; food seasoning; condiment; spices; perfumes,plural of *pigmentum*,,,,,,,,,9,9,,,,,,gomezdesilva_1985_elsevier;corominas_1987_breve,,[415]{gomez_de_silva_elseviers_1985}[495]{corominas_breve_1987},,,LS,http://www.perseus.tufts.edu/hopper/text?doc=Perseus%3Atext%3A1999.04.0059%3Aentry%3Dpigmentum,,,,yes,,,
5.0,yes,en,pimento,,,,,,Latin,,pigmentum,,,,,"colour, paint; ointment; drug; spiced wine","colour, paint; ointment; drug; spiced wine",from *pingÅ* 'to paint' + *-mentum* 'instrument',,,,,,,,,1,1,,,,,,lewis_1879_latin,pigmentum,lewis_latin_1879,http://www.perseus.tufts.edu/hopper/text?doc=Perseus%3Atext%3A1999.04.0059%3Aentry%3Dpigmentum,,LS,http://www.perseus.tufts.edu/hopper/text?doc=Perseus%3Atext%3A1999.04.0059%3Aentry%3Dpigmentum,,,,yes,,,
,,,,,,,,,,,,,,,,,,,,,,,,,,,,,,,,,,,,,,,,,,,,,,,
1.0,yes,en,anise,,,,,,English,,anise,,,,,,,,,,,,,"Etymology: < French anis < Latin anÄ«sum , < Greek á¼„Î½á¿‘ÏƒÎ¿Î½ , in var. dialect forms á¼„Î½Î·ÏƒÎ¿Î½ , á¼„Î½Î·Î¸Î¿Î½ , á¼„Î½Î·Ï„Î¿Î½ , under which the Greeks seem to have included the two plants Anise and Dill. When these were discriminated, the variants anÄ«sum and anÄ“thum were utilized in Latin to distinguish them",yes,,14,c. 1325,,,,,,,,[anise]{oed}[anise]{ahd},https://www.oed.com/view/Entry/7811,,oed,https://www.oed.com/view/Entry/7811?,,OE,https://www.etymonline.com/word/anise,yes,,,
2.0,yes,en,anise,,,,,,French,,anis,,,,,id.,anise,,,,,,,,yes,yes,13,1236,,,,,,,anis,tlfi,https://www.cnrtl.fr/etymologie/anis,,tlfi,https://www.cnrtl.fr/etymologie/anis,,,,yes,,,
3.0,yes,en,anise,,,,,,Latin,,anÄ«sum,,,,,id.,anise,,dill is \textit{anÄ“thum},,,,,,yes,yes,1,1,,,,,,,,lewis_latin_1879,http://www.perseus.tufts.edu/hopper/text?doc=Perseus%3Atext%3A1999.04.0059%3Aentry%3Danisum,,lewis_latin_1879,http://www.perseus.tufts.edu/hopper/text?doc=Perseus%3Atext%3A1999.04.0059%3Aentry%3Danisum,,LS,http://www.perseus.tufts.edu/hopper/text?doc=Perseus%3Atext%3A1999.04.0059%3Aentry%3Danethum,yes,,,
4.0,yes,en,anise,,,,,,Ancient Greek,á¼„Î½Î¹ÏƒÎ¿Î½,Ã¡nison,á¼„Î½Î·Î¸Î¿Î½; á¼„Î½Î·ÏƒÎ¿Î½; á¼„Î½Î·Ï„Î¿Î½,Ã¡nÄ“thon; Ã¡nÄ“son; Ã¡nÄ“ton,,,anise; dill,anise; dill,"and other Greek dialectal variants, e.g.: \textit{Ã¡nÄ“thon}; included both plants, only later distinguished",probaby of substrate origin,,,,,,yes,yes,-5,-5,,,,,,,,liddell_greekenglish_1940,http://www.perseus.tufts.edu/hopper/text?doc=Perseus:text:1999.04.0057:entry=a)/nnhson,,liddell_greek-english_1940,http://www.perseus.tufts.edu/hopper/text?doc=Perseus:text:1999.04.0057:entry=a)/nnhson,,LSJ,http://www.perseus.tufts.edu/hopper/text?doc=Perseus%3Atext%3A1999.04.0057%3Aentry%3Da)%2Fnhqon,yes,,,
5.0,yes,en,anise,,,,yes,,Egyptian (Ancient),,jnst,,,,,"a medicinal, edible plant (probably anise)","a medicinal, edible plant (probably anise)",,,,,,,,,yes,-17,-17,Middle Kingdom,,,,,,,[99]{erman_worterbuch_1926}[240]{hemmerdinger_noms_1968},,,ahd,https://www.ahdictionary.com/word/search.html?q=anise,,Wiki,https://en.wiktionary.org/wiki/jnst#Egyptian,yes,,,
,,,,,,,,,,,,,,,,,,,,,,,,,,,,,,,,,,,,,,,,,,,,,,,
1.0,yes,ar,anisun,,,,,,Arabic,Ø£Ù†ÙŠØ³ÙˆÙ†,anÄ«sÅ«n,ÙŠØ§Ù†Ø³ÙˆÙ†,yÄnsÅ«n,,,anise,anise,,later assimilated as \ar{ÙŠØ§Ù†Ø³ÙˆÙ†} \textit{yÄnsÅ«n},,,,,,yes,,8,a. 791,,KSUCCA,,,,,,wehr_dictionary_1976,,,,,,,,yes,,,
2.0,yes,ar,anisun,,,,,,Ancient Greek,á¼„Î½Î¹ÏƒÎ¿Î½,Ã¡nison,á¼„Î½Î·Î¸Î¿Î½; á¼„Î½Î·ÏƒÎ¿Î½; á¼„Î½Î·Ï„Î¿Î½,Ã¡nÄ“thon; Ã¡nÄ“son; Ã¡nÄ“ton,,,anise; dill,anise; dill,"and other Greek dialectal variants, e.g.: \textit{Ã¡nÄ“thon}; included both plants, only later distinguished",probaby of substrate origin,,,,,,yes,yes,-5,,,,,,,,,liddell_greekenglish_1940,,,liddell_greek-english_1940,http://www.perseus.tufts.edu/hopper/text?doc=Perseus:text:1999.04.0057:entry=a)/nnhson,,LSJ,http://www.perseus.tufts.edu/hopper/text?doc=Perseus%3Atext%3A1999.04.0057%3Aentry%3Da)%2Fnhqon,yes,,,
3.0,yes,ar,anisun,,,,yes,,Egyptian (Ancient),,jnst,,,,,"a medicinal, edible plant (probably anise)","a medicinal, edible plant (probably anise)",,,,,,,,,yes,-17,c2030-1650 BC,Middle Kingdom,,,,,,,[99]{erman_worterbuch_1926}[240]{hemmerdinger_noms_1968},,,ahd,https://www.ahdictionary.com/word/search.html?q=anise,,Wiki,https://en.wiktionary.org/wiki/jnst#Egyptian,yes,,,
,,,,,,,,,,,,,,,,,,,,,,,,,,,,,,,,,,,,,,,,,,,,,,,
1.0,yes,zh,huiqin,,,,,,Mandarin Chinese,èŒ´èŠ¹,huÃ­qÃ­n,,,,hui-celery,anise,anise,from \textit{hui} `anise/fennel' + \textit{qin} `celery',"èŒ´ \textit{huÃ­} could be interpreted as `Muslim spice', see èŒ´é¦™ \textit{huÃ­xiÄng} `fennel'",,,,,,,,19,1841,Modern,Books,,,https://books.google.com.hk/books?id=I46RwQP667QC&pg=PA715&dq=%22%E8%8C%B4%E8%8A%B9%22&hl=en&sa=X&ved=2ahUKEwiZm5mBmJb5AhUF_mEKHdTADd8Q6AF6BAgEEAI#v=onepage&q=%22%E8%8C%B4%E8%8A%B9%22&f=false,,,kleeman_oxford_2010;hu_food_2005,,,,,,,,yes,,,
,,,,,,,,,,,,,,,,,,,,,,,,,,,,,,,,,,,,,,,,,,,,,,,
1.0,yes,en,asafoetida,,,,,,English,,asafoetida,,assafÅ“tida,,,,,,,,,,,,yes,,14,a. 1398,Medieval,,,,,,asafoetida,oed,https://www.oed.com/view/Entry/11311,asafoetida,oed,https://www.oed.com/view/Entry/11311,,OE,https://www.etymonline.com/word/asafetida,yes,,,
2.0,yes,en,asafoetida,,,,,,Medieval Latin,,asafoetida,,asafÅ“tida,,stinking asa,,,,,,,,,Laufer disagrees,,yes,,,Medieval,,,,,,353,laufer_sino-iranica_1919,http://dsr.nii.ac.jp/toyobunko/III-5-C-22/V-1/page-hr/0179.html.en,353,laufer_sino-iranica_1919,http://dsr.nii.ac.jp/toyobunko/III-5-C-22/V-1/page-hr/0179.html.en,,,,yes,,,
3.0,yes,en,asafoetida,,,,yes,from,Persian,,ÄzÄ,,,,,mastic,mastic,"in a Lanized form, \textit{asa}",,,,,,,,,,,,,,,,,42,steingass_comprehensive_1892,,,,,,,,yes,,,
4.0,yes,en,asafoetida,,,,,and from,Latin,,foetid,,fÅ“tid,,,"ill-smelling, stinking","ill-smelling, stinking",,feminine of \textit{fÅ“tidus},,,,,"there is also assa dulcis, check Lane",,,,,,,,,,,,,,,,,,,,yes,,,
,,,,,,,,,,,,,,,,,,,,,,,,,,,,,,,,,,,,,,,,,,,,,,,
1.0,yes,en,hing,,,,,,English,,hing,,hinge,,,asafoetida,asafoetida,,,,,,,,yes,,16,1599,,,,,,,hing,oed,https://www.oed.com/view/Entry/87092,,oed,https://www.oed.com/view/Entry/87092,,,,yes,,,
2.0,yes,en,hing,,,,,,Hindi,à¤¹à¥€à¤‚à¤—,hÄ«ng,,,,,id.,asafoetida,,,,,,,,,yes,,,,,,,,,hing,oed,https://www.oed.com/view/Entry/87092,,,,,,,yes,,,
3.0,yes,en,hing,,,yes,,,Sauraseni Prakrit,ğ‘€³ğ‘€ºğ‘€ğ‘€•ğ‘€¼,hiá¹ƒgu,,,,,id.,asafoetida,,,,,,,,,,,,,,,,,,,Wiktionary,,,,,,,,yes,,,
4.0,yes,en,hing,,,,,,Sanskrit,à¤¹à¤¿à¤™à¥à¤—à¥,hiá¹…gu,,,,,id.,asafoetida,,,,Sogdian 'ynkw,,,,,,,,,,,,,,87,gharib_sogdian_1995,https://archive.org/details/SogdianDictionary/page/n152/mode/1up?view=theater,1298,MW,https://www.sanskrit-lexicon.uni-koeln.de/scans/MWScan/2014/web/webtc/servepdf.php?page=1298,,,,yes,,,
5.0,yes,en,hing,,,yes,,,Proto-Iranian,,*HÃ¡ngwrÌ¥,,,,,"extract, resin","extract, resin",,"with an unexpected shift from *a to i, from the derivation *HanguÇ°atu of which Iranian terms for asafoetida derive. cf. anjudan",,,,,,,,,,,,,,,,87,gharib_sogdian_1995,https://archive.org/details/SogdianDictionary/page/n152/mode/1up?view=theater,87,gharib_sogdian_1995,https://archive.org/details/SogdianDictionary/page/n152/mode/1up?view=theater,,,,yes,,,
6.0,yes,en,hing,,,,,,Proto-Iranian,,*aá¹…gu-Ç°atu-,,,,,resin-gum,resin-gum,,,,,"Tokharian B, Khotanese",,,,,,,,,,,,,7,adams_dictionary_2013,,,,https://en.wiktionary.org/wiki/Reconstruction:Proto-Iranian/Hangu%C7%B0atu,,,,yes,,,
,,,,,,,,,,,,,,,,,,,,,,,,,,,,,,,,,,,,,,,,,,,,,,,
1.0,yes,ar,hiltit,,,,,,Arabic,Ø­Ù„ØªÙŠØª,á¸¥iltÄ«t,Ø­Ù„ØªÙŠØ«,"á¸¥altÄ«t, á¸¥iltÄ«th",,,asafoetida resin,asafoetida resin,,,,Hebrew \he{×—Ö´×œÖ°×ªÖ´Ö¼×™×ª} \textit{á¸¥iltiá¹¯},,,,yes,,,,,,,,,,140,fraenkel_aramaischen_1886,https://archive.org/details/diearamischenfr00fraegoog?view=theater#page/n170,79-80,lane_arabic-english_1863,http://arabiclexicon.hawramani.com/?p=1200#72b195,,,,yes,,,
2.0,yes,ar,hiltit,,,,,,Aramaic,\he{×—×œ×ª×™×ª×}/\sy{ÜšÜ Ü¬ÜÜ¬Ü},á¸¥eltÄ«á¹¯Ä,,,,,id.,id.,,,,,,,,,yes,,,,,,,,,,"[36]{low_aramaeische_1881}[vol. 3, p. 452-455]{low_flora_1924}",https://menadoc.bibliothek.uni-halle.de/ssg/content/pageview/591438,36,low_aramaeische_1881,https://menadoc.bibliothek.uni-halle.de/ssg/content/pageview/591438,,,https://sammlungen.ub.uni-frankfurt.de/freimann/content/pageview/104191,yes,,,
,,,,,,,,,,,,,,,,,,,,,,,,,,,,,,,,,,,,,,,,,,,,,,,
1.0,yes,ar,anjudan,,,,,,Arabic,Ø£Ù†Ø¬Ø¯Ø§Ù†,anjudÄn,Ø£Ù†Ø¬Ø°Ø§Ù†,anjudhÄn,,,,,,,,,,,,yes,,,,,,,,,,79-80,lane_arabic-english_1863,,79-80,lane_arabic-english_1863,http://arabiclexicon.hawramani.com/?p=1200#72b195,,,,yes,,,
2.0,yes,ar,anjudan,,,,,,Persian,Ø§Ù†Ú¯Ø¯Ø§Ù†â€,angudÄn,,â€¦,,,,,,,,,,,,,yes,,,,,,,,,"114, 106",steingass_comprehensive_1892,,"114, 106",steingass_comprehensive_1892,https://dsal.uchicago.edu/cgi-bin/app/steingass_query.py?qs=%D8%A7%D9%86%DA%AF%D8%AF%D8%A7%D9%86%E2%80%8E&matchtype=default,,,,yes,,,
3.0,yes,ar,anjudan,,,,,,Proto-Iranian,,*aá¹…gu-Ç°atu-,,,,,resin-gum,resin-gum,,,,,"Tokharian B, Khotanese",,,,,,,,,,,,,7,adams_dictionary_2013,,,Wiktionary,https://en.wiktionary.org/wiki/Reconstruction:Proto-Iranian/Hangu%C7%B0atu,,,,yes,,,
,,,,,,,,,,,,,,,,,,,,,,,,,,,,,,,,,,,,,,,,,,,,,,,
1.0,yes,zh,awei,,,,,,Mandarin Chinese,é˜¿é­,ÄwÃ¨i,,,MC /Ê”É‘ Å‹Ê‰iH/,,asafoetida,asafoetida,,,,,,,"in BCGM, ayÃ¼ (é˜¿è™), xingyu (xingqu, èˆˆæ¸ [ç¿], hing-yu, å½¢è™), and haxini (å“ˆæ˜”å°¼)",yes,,7,,,,,,,,,leung_itinerary_2019,,,,,,,,yes,,,
2.0,yes,zh,awei,,,,,,Tokharian B,,ankwaá¹£(á¹­),,,,,id.,asafoetida,,,,,,,,,yes,,,,,,,,,353,laufer_sino-iranica_1919,,7,adams_dictionary_2013,,,,,yes,,,
3.0,yes,zh,awei,,,,,,Sogdian,,*anguÅ¾at,,,,,id.,asafoetida,,,,,,,,,,,,,,,,,,438,tremblay_irano-tocharica_2005,,438,tremblay_irano-tocharica_2005,,,,,yes,,,
4.0,yes,zh,awei,,,,,,Proto-Iranian,,*aá¹…gu-Ç°atu-,,,,,resin-gum,resin-gum,,,,,,,,,,,,,,,,,,,,,7,adams_dictionary_2013,https://en.wiktionary.org/wiki/Reconstruction:Proto-Iranian/Hangu%C7%B0atu,,,,yes,,,
,,,,,,,,,,,,,,,,,,,,,,,,,,,,,,,,,,,,,,,,,,,,,,,
1.0,yes,zh,xingqu,,,,,,Mandarin Chinese,èˆˆè•–/èˆˆæ¸ /èˆˆç¿,xÄ«ngqÃº,,,MC /hÉ¨Å‹ É¡É¨ÊŒ/,,asafoetida,asafoetida,phonetic transcription,,,,,,"just the word, without the material",yes,,5,,,,,,,,,leung_itinerary_2019,,,,,,,,yes,,,
2.0,yes,zh,xingqu,,,,,,Sanskrit,à¤¹à¤¿à¤™à¥à¤—à¥,hiá¹…gu,,,,,id.,asafoetida,,,,,,,,yes,yes,,,,,,,,,353,laufer_sino-iranica_1919,,,,,,,,yes,,,
3.0,yes,zh,xingqu,,,,,,Proto-Iranian,,*aá¹…gu-Ç°atu-,,,,,resin-gum,resin-gum,,,,,"Tokharian B, Khotanese",,,,yes,,,,,,,,,7,adams_dictionary_2013,,,,https://en.wiktionary.org/wiki/Reconstruction:Proto-Iranian/Hangu%C7%B0atu,,,,yes,,,
,,,,,,,,,,,,,,,,,,,,,,,,,,,,,,,,,,,,,,,,,,,,,,,
1.0,yes,en,caraway,,,,,,English,,caraway,,,,,,caraway,,,,,,,,yes,,15,c. 1440,,,,,,,caraway,oed,https://www.oed.com/view/Entry/27725,,,,,,,yes,,,
2.0,yes,en,caraway,,,,,,Medieval Latin,,carui,,,,,id.,caraway,or some allied Romanic form,,,"French \textit{carvi}, Italian \textit{carvi}, Spanish \textit{carvi}; Old Spanish \textit{alcaravea}, \textit{alcarahueya}, Portuguese \textit{alcaravia}, \textit{alcorovia}",,,,yes,yes,11,c. 1080,,,,,,,caraway,ahd,https://www.ahdictionary.com/word/search.html?q=caraway,,,,,,,yes,,,
3.0,yes,en,caraway,,,,,,Arabic,ÙƒØ±Ø§ÙˆÙŠØ§,karÄwiyÄ,ÙƒØ±ÙˆÙŠØ§Ø¡,karawyÄ',,,id.,caraway,,"loaned to some Eurropean languages with \textit{al-} definite article, via Andalusian Arabic",,,,,,yes,yes,,,,,,,,,,[74]{corriente_dictionary_2008}[carvi]{tlfi},,,,,,,,yes,,,
4.0,yes,en,caraway,,,,,,Aramaic,\he{×›Ö·×¨Ö°×•Ö¸×™Ö¸×}/\sy{ÜŸÜ²ÜªÜ˜ÜµÜÜµÜ},karwÄyÄ,,,,,id.,caraway,,,,,,,,yes,yes,,,,,,,,,,[207]{low_aramaeische_1881}[437-438]{low_flora_1924},,cal,,https://cal.huc.edu/oneentry.php?lemma=krwy+N&cits=all,,,,yes,,,
5.0,yes,en,caraway,,,,,,Ancient Greek,ÎºÎ±ÏÏ,kará¹“,ÎºÎ¬ÏÎ¿Î½; ÎºÎ¬ÏÎµÎ¿Î½,kÃ¡ron; kÃ¡reon,,,id.,caraway,"a form of the word \textit{kÃ¡ron}, derived from \textit{kÃ¡re} `head'; -á¹“ form seems Pre-Greek","these forms could not immediately give the Arabic, hence possibly via *ÎºÎ±ÏÏ…ÎÎ± \textit{*karuá¸¯a} a typical plant derivation form of ÎºÎ±ÏÏ \textit{kará¹“}, ÎºÎ¬ÏÎ¿Î½ \textit{kÃ¡ron}",,"Latin \textit{carum, careum}",,,,,yes,,,,,,,,,,[653]{beekes_etymological_2010}[599]{sokoloff_dictionary_2002},http://www.perseus.tufts.edu/hopper/text?doc=Perseus:text:1999.04.0057:entry=ka/ri&highlight=caraway,,liddell_greek-english_1940,http://www.perseus.tufts.edu/hopper/text?doc=Perseus:text:1999.04.0057:entry=ka/ri&highlight=caraway,,,,yes,,,
,,,,,,,,,,,,,,,,,,,,,,,,,,,,,,,,,,,,,,,,,,,,,,,
1.0,yes,ar,karawiya,,,,,,Arabic,,karawiyÄ,,karwiyÄ,,,caraway,caraway,,loaned to some Eurropean languages with \textit{al-} definite article; via Andalusian Arabic,,,,,,yes,,,,,,,,,,74,corriente_dictionary_2008,,,,,,,,yes,,,
2.0,yes,ar,karawiya,,,,,,Aramaic,\he{×›Ö·×¨Ö°×•Ö¸×™Ö¸×â€}/\sy{ÜŸÜ²ÜªÜ˜ÜµÜÜµÜ},karwÄyÄ,,,,,id.,caraway,,,,,,,,yes,yes,,,,,,,,,,[207]{low_aramaeische_1881}[437-438]{low_flora_1924},,cal,,https://cal.huc.edu/oneentry.php?lemma=krwy+N&cits=all,,,,yes,,,
3.0,yes,ar,karawiya,,,,,,Ancient Greek,ÎºÎ±ÏÏ,kará¹“,ÎºÎ¬ÏÎ¿Î½; ÎºÎ¬ÏÎµÎ¿Î½,kÃ¡ron; kÃ¡reon,,,id.,caraway,"a form of the word \textit{kÃ¡ron}, derived from \textit{kÃ¡re} `head'; -á¹“ form seems Pre-Greek","these forms could not immediately give the Arabic, hence possibly via *ÎºÎ±ÏÏ…ÎÎ± \textit{*karuá¸¯a} a typical plant derivation form of ÎºÎ±ÏÏ \textit{kará¹“}, ÎºÎ¬ÏÎ¿Î½ \textit{kÃ¡ron}",,"Latin \textit{carum, careum}",,,,,yes,,,,,,,,,,[653]{beekes_etymological_2010}[599]{sokoloff_dictionary_2002},http://www.perseus.tufts.edu/hopper/text?doc=Perseus:text:1999.04.0057:entry=ka/ri&highlight=caraway,,liddell_greek-english_1940,http://www.perseus.tufts.edu/hopper/text?doc=Perseus:text:1999.04.0057:entry=ka/ri&highlight=caraway,,,,yes,,,
,,,,,,,,,,,,,,,,,,,,,,,,,,,,,,,,,,,,,,,,,,,,,,,
1.0,yes,zh,geluzi,,,,,,Mandarin Chinese,è‘›ç¸·å­,gÄ›â€‹lÇšâ€‹zi,,,,bean-hemp-seed?,caraway,caraway,phono-semantic matching; see \textit{shilo} `cumin and caraway',,,,,,,yes,,19?,,Modern,,,,,,100,kleeman_oxford_2010,,,,,,,,yes,,,
2.0,yes,zh,geluzi,,,,,,Japanese,è‘›ç¸·å­,karyuushi,,,,,caraway,caraway,"probably a transcription of Latin \textit{Carui}, or English \textit{caraway} + \textit{zi}",also ã‚­ãƒ£ãƒ©ã‚¦ã‚§ã‚¤ \textit{kyarawei} and å§«èŒ´é¦™ [princess-fennel-spice],,,,,,yes,yes,19,1822,Modern,,,,,,,,https://www.google.com/search?q=%22%E8%91%9B%E7%B8%B7%E5%AD%90%22&biw=1280&bih=577&tbs=cdr%3A1%2Ccd_min%3A1%2F1%2F1700%2Ccd_max%3A12%2F31%2F1850&tbm=bks&sxsrf=ALiCzsZqfjrIjC8d0rBeXSyqUt2Uja4Rtg%3A1659444891561&ei=mx7pYpLFIevs2roPwP2h-AY&ved=0ahUKEwjS_qP6maj5AhVrtlYBHcB-CG8Q4dUDCAg&uact=5&oq=%22%E8%91%9B%E7%B8%B7%E5%AD%90%22&gs_lcp=Cg1nd3Mtd2l6LWJvb2tzEANQnARYjBFgtRNoAHAAeACAAUeIAb8BkgEBM5gBAKABAcABAQ&sclient=gws-wiz-books,,,,,,,,,,
3.0,yes,zh,geluzi,,,,yes,from,English,,caraway,,,,,,caraway,,,,,,,,yes,yes,15,c. 1440,,,,,,,caraway,oed,https://www.oed.com/view/Entry/27725,,,,,,,yes,,,
4.0,yes,zh,geluzi,,,,,or from,Medieval Latin,,carui,,,,,id.,caraway,or some allied Romanic form,,,"French carvi, Italian carvi, Spanish carvi (whence Scots carvy, kervie), Old Spanish alcaravea, alcarahueya, Portuguese alcaravia, alcorovia",,,,yes,yes,,,,,,,,,caraway,ahd,https://www.ahdictionary.com/word/search.html?q=caraway,,,,,,,yes,,,
5.0,yes,zh,geluzi,,,,,,Arabic,ÙƒØ±Ø§ÙˆÙŠØ§,karÄwiyÄ,ÙƒØ±ÙˆÙŠØ§Ø¡,karawyÄ',,,id.,caraway,,loaned to some Eurropean languages with \textit{al-} definite article; via Andalusian Arabic,,,,,,yes,yes,,,,,,,,,74,corriente_dictionary_2008,,,,,,,,yes,,,
6.0,yes,zh,geluzi,,,,,,Aramaic,\he{×›Ö·×¨Ö°×•Ö¸×™Ö¸×â€}/\sy{ÜŸÜ²ÜªÜ˜ÜµÜÜµÜ},karwÄyÄ,,,,,id.,caraway,,,,,,,,yes,yes,,,,,,,,,,[207]{low_aramaeische_1881}[437-438]{low_flora_1924},,cal,,https://cal.huc.edu/oneentry.php?lemma=krwy+N&cits=all,,,,yes,,,
7.0,yes,zh,geluzi,,,,,,Ancient Greek,ÎºÎ±ÏÏ,kará¹“,ÎºÎ¬ÏÎ¿Î½; ÎºÎ¬ÏÎµÎ¿Î½,kÃ¡ron; kÃ¡reon,,,id.,caraway,"a form of the word \textit{kÃ¡ron}, derived from \textit{kÃ¡re} `head'; -á¹“ form seems Pre-Greek","these forms could not immediately give the Arabic, hence possibly via *ÎºÎ±ÏÏ…ÎÎ± \textit{*karuá¸¯a} a typical plant derivation form of ÎºÎ±ÏÏ \textit{kará¹“}, ÎºÎ¬ÏÎ¿Î½ \textit{kÃ¡ron}",,"Latin \textit{carum, careum}",,,,,yes,,,,,,,,,,[653]{beekes_etymological_2010}[599]{sokoloff_dictionary_2002},http://www.perseus.tufts.edu/hopper/text?doc=Perseus:text:1999.04.0057:entry=ka/ri&highlight=caraway,,liddell_greek-english_1940,http://www.perseus.tufts.edu/hopper/text?doc=Perseus:text:1999.04.0057:entry=ka/ri&highlight=caraway,,,,yes,,,
,,,,,,,,,,,,,,,,,,,,,,,,,,,,,,,,,,,,,,,,,,,,,,,
1.0,yes,en,cardamom,,,,,,English,,cardamom,,,,,,cardamom,,"via post-classical Latin \textit{cardimomum}, a. 1398",Middle English \textit{cardamome},,,,,yes,,14,c. 1425?,,,,,,,cardamom,oed,https://www.oed.com/view/Entry/27836,cardamom,OE,https://www.etymonline.com/word/cardamom,cardamom,ahd,https://www.ahdictionary.com/word/search.html?q=cardamom,yes,,,
2.0,yes,en,cardamom,,,,,later also from,Old French,,cardemome,,,,,id.,cardamom,,,,,modern French \textit{cardamome},,,,yes,12,c. 1170,,,,,,,cardamome,tlfi,https://www.cnrtl.fr/etymologie/cardamome,cardamome,tlfi,https://www.cnrtl.fr/etymologie/cardamome,,,,yes,,,
3.0,yes,en,cardamom,,,,,,Latin,,cardamÅmum,,,,,id.,cardamom,,,,,,,,yes,,1,,,,,,,,cardamomum,lewis_latin_1879,http://www.perseus.tufts.edu/hopper/morph?l=card%C4%83m%C5%8Dmum&la=la&can=card%C4%83m%C5%8Dmum0#lexicon,cardamomum,LS,http://www.perseus.tufts.edu/hopper/morph?l=card%C4%83m%C5%8Dmum&la=la&can=card%C4%83m%C5%8Dmum0#lexicon,,,,yes,,,
4.0,yes,en,cardamom,,,,,,Hellenistic Greek,ÎºÎ±ÏÎ´Î¬Î¼Ï‰Î¼Î¿Î½,kardÃ¡mÅmon,,,,,id.,cardamom,haplological \gr{ÎºÎ¬ÏÎ´Î±Î¼-} \textit{kÃ¡rdam-} `cress' + \gr{á¼„Î¼Ï‰Î¼Î¿Î½} \textit{Ã¡mÅmon} `an Indian spice plant',,,,,,,,yes,-3,,,,,,,,ÎºÎ±ÏÎ´Î¬Î¼Ï‰Î¼Î¿Î½,liddell_greekenglish_1940,http://www.perseus.tufts.edu/hopper/morph?l=karda%2Fmwmon&la=greek&can=karda%2Fmwmon0&prior=card%C4%83m%C5%8Dmum#lexicon,ÎºÎ±ÏÎ´Î¬Î¼Ï‰Î¼Î¿Î½,LSJ,http://www.perseus.tufts.edu/hopper/morph?l=karda%2Fmwmon&la=greek&can=karda%2Fmwmon0&prior=card%C4%83m%C5%8Dmum#lexicon,,,,yes,,,
5.0,yes,en,cardamom,,,,,,Ancient Greek,ÎºÎ¬ÏÎ´Î±Î¼Î¿Î½,kÃ¡rdamon,,,,,garden cress \taxon{Lepidium sativum},garden cress \taxon{Lepidium sativum},prehaps a loanword,many plant names with \textit{-amon} are clear loanwords; the suffIx \textit{-amon} is known from Pre-Greek; ultimately of uncertain origin,,classical Latin \textit{cardamum},,,connected with Hittite \textit{karÅ¡ani} `an alcalic plant',,,-4,,,,,,,,ÎºÎ¬ÏÎ´Î±Î¼Î¿Î½,liddell_greekenglish_1940,http://www.perseus.tufts.edu/hopper/morph?l=ka%2Frdamon&la=greek&can=ka%2Frdamon0&prior=card%C4%83mum&d=Perseus:text:1999.04.0059:entry=cardamum&i=1#lexicon,ÎºÎ¬ÏÎ´Î±Î¼Î¿Î½,LSJ,http://www.perseus.tufts.edu/hopper/morph?l=ka%2Frdamon&la=greek&can=ka%2Frdamon0&prior=card%C4%83mum&d=Perseus:text:1999.04.0059:entry=cardamum&i=1#lexicon,cardamum,LS,http://www.perseus.tufts.edu/hopper/morph?l=card%C4%83mum&la=la&can=card%C4%83mum0&d=Perseus:text:1999.04.0059:entry=cardamum&i=1#lexicon,yes,,,
6.0,yes,en,cardamom,,,,,,,,,,,,,,,,,,,,,,,,,,,,,,,,644,beekes_etymological_2010,,644,beekes_etymological_2010,,,,,yes,,,
,,,,,,,,,,,,,,,,,,,,,,,,,,,,,,,,,,,,,,,,,,,,,,,
1.0,yes,en,amomum,,,,,,English,,amomum,,,,,"any of several spices of genus Amomum, family Zingiberaceae, including cardamom.","any of several spices of genus Amomum, family Zingiberaceae, including cardamom.","An odoriferous plant. The Amomum of the ancients not being certainly identified, the word was used with uncertain denotation by earlier writers;",,,,,,,yes,,14,a. 1398,,,,,,,amomum,oed,https://www.oed.com/view/Entry/6523,amomum,oed,https://www.oed.com/view/Entry/6523,cardamom,ahd,https://www.ahdictionary.com/word/search.html?q=cardamom,yes,,,
2.0,yes,en,amomum,,,,,,Latin,,amomum,,,,,amomum and a balm containing this spice,amomum and a balm containing this spice,,,,,,,,yes,yes,,,,,,,,,,lewis_latin_1879,http://www.perseus.tufts.edu/hopper/text?doc=Perseus:text:1999.04.0059:entry=amomum&highlight=amomum,,LS,http://www.perseus.tufts.edu/hopper/text?doc=Perseus:text:1999.04.0059:entry=amomum&highlight=amomum,,,,yes,,,
3.0,yes,en,amomum,,,,,,Ancient Greek,á¼„Î¼Ï‰Î¼Î¿Î½,Ã¡mÅmon,,,,,"an Indian spice-plant, black cardamom (Amomum subulatum)","an Indian spice-plant, black cardamom (Amomum subulatum)","an Oriental loanword, cf. ÎºÎ¹Î½Î½Î¬Î¼Ï‰Î¼Î¿Î½",,,,,,,yes,yes,,,,,,,,,,[]{liddell_greekenglish_1940}[97]{beekes_etymological_2010},http://www.perseus.tufts.edu/hopper/text?doc=Perseus%3Atext%3A1999.04.0057%3Aentry%3Da)%2Fmwmon,,LSJ,http://www.perseus.tufts.edu/hopper/text?doc=Perseus%3Atext%3A1999.04.0057%3Aentry%3Da)%2Fmwmon,,,,yes,,,
4.0,yes,en,amomum,,,,,,Semitic,,,,,,,id.,id.,,,,Classical Syriac \sy{ÜšÜ¡ÜµÜ¡ÜµÜ} \textit{á¸¥É™mÄmÄ} â†’ Arabic \ar{Ø­Ù…Ø§Ù…Ø§} \textit{á¸¥amÄmÄ}; Akkadian \textit{á¸«amÄ«mu},,,,,yes,,,,,,,,,,"[169]{low_aramaeische_1881}[100]{lev_practical_2008}[vol. 6, p. 66]{roth_assyrian_2004}",,,,,,,,yes,,"[169]{low_aramaeische_1881}][100]{lev_practical_2008}[vol. 6, p. 66]{roth_assyrian_2004}",
,,,,,,,,,,,,,,,,,,,,,,,,,,,,,,,,,,,,,,,,,,,,,,,
1.0,yes,ar,hal,,,,,,Arabic,Ù‡Ø§Ù„,hÄl,Ù‡ÙŠÙ„,hayl,,,cardamom,cardamom,,,,,,,,yes,,11,,,,,,,,1223,wehr_dictionary_1976,http://ejtaal.net/aa/#hw4=1236,1223,wehr_dictionary_1976,http://ejtaal.net/aa/#hw4=1236,,,,yes,,,
2.0,yes,ar,hal,,,,,,Persian,Ù‡ÛŒÙ„,hil,,,,,the lesser cardamoms,the lesser cardamoms,,,,,,,,yes,yes,,,,,,,,,1521,steingass_comprehensive_1892,https://dsal.uchicago.edu/cgi-bin/app/steingass_query.py?qs=%D9%87%D9%8A%D9%84&searchhws=yes&matchtype=exact,1521,steingass_comprehensive_1892,https://dsal.uchicago.edu/cgi-bin/app/steingass_query.py?qs=%D9%87%D9%8A%D9%84&searchhws=yes&matchtype=exact,,,,yes,,,
3.0,yes,ar,hal,,,,,,Sanskrit,à¤à¤²à¤¾,elÄ,,,,,id.,cardamom,,,,,,,,yes,yes,,,,,,,,,104,dalby_dangerous_2000,,232,monier-williams_sanskrit-english_1899,https://www.sanskrit-lexicon.uni-koeln.de/scans/csl-apidev/servepdf.php?dict=MW&page=232,,,,yes,,,
4.0,yes,ar,hal,,,,,,Proto-Dravidian,,*Ä“la,,,,,id.,cardamom,,,,,Tamil \textit{Ä“lam},,,,yes,,,,,,,,,87,burrow_dravidian_1984,,,,,,,,yes,,,
,,,,,,,,,,,,,,,,,,,,,,,,,,,,,,,,,,,,,,,,,,,,,,,
1.0,yes,ar,qaqulla,,,,,,Arabic,Ù‚Ø§Ù‚Ù„Ø©,qÄqulla,,,,,cardamom; black cardamom,cardamom; black cardamom,,,,,,,,,,,,,,,,,,863,wehr_dictionary_1976,http://ejtaal.net/aa/#hw4=876,,,,,,,yes,,,
2.0,yes,ar,qaqulla,,,,,,Classical Syriac,{×§Ö¸×§×•Ö¼×œÖ¸×}/\sy{Ü©Ü³Ü©Ü˜Ü½Ü Ü´Üâ€},qÄqullÄ,,,,,cardamom,cardamom,,,,,,,,,,,,,,,,,,"vol. 1, p. 489",low_flora_1924,,,,,,,,yes,,,
3.0,yes,ar,qaqulla,,,,,,Akkadian,\cu{ğ’‹¡ğ’„£ğ’ŒŒğ’‡»ğ’Š¬} (qa-qu-ul-lu.SAR),qÄqullu,,,,,cardamom,cardamom,,,,,,,,,,,,,,,,,,58,zimmern_akkadische_1915,https://archive.org/details/akkadischefremdw00zimmuoft/page/58/mode/2up,,,,,,,yes,,,
4.0,yes,ar,qaqulla,,,,yes,,Sanskrit,"à¤¤à¤•à¥à¤•à¥‹à¤², à¤•à¤•à¥à¤•à¥‹à¤²","takkola, kakkola",,,,,plant with aromatic berry; the perfume made from it,plant with aromatic berry; the perfume made from it,,,,,Pali \textit{takkola}; Tibetan \ti{à½€à¼‹à½€à½¼à¼‹à½£} \textit{kakola},,,,,,,,,,,,,"431, 241",monier-williams_sanskritenglish_1899,https://www.sanskrit-lexicon.uni-koeln.de/scans/MWScan/2020/web/webtc2/index.php,,,,,,,yes,,,
,,,,,,,,,,,,,,,,,,,,,,,,,,,,,,,,,,,,,,,,,,,,,,,
1.0,yes,zh,doukou,,,,,,Mandarin Chinese,\tc{è±†è”»},dÃ²ukÃ²u,\tc{è³è”»},dÃ²ukÃ²u,MC /dÉ™uHÂ hÉ™uH/,bean-cardamom,cardamom,cardamom,compound of è±† `bean(-like)' + \tc{è”»} `many; profusion' (BCGM); or phono-semantic matching,also written using \tc{è³~}; it was confused with nutmeg at first,,,,,,,,9,c. 863,,,,,,,22,donkin_between_2003,,,mdbg,https://www.mdbg.net/chinese/dictionary?wdqr=%E8%B1%86%E8%94%BB&wdrst=1,,,,yes,,,
2.0,yes,zh,doukou,,,yes,yes,,Middle Chinese,å¤šéª¨,duÅgÇ”,,,MC /tÉ‘ kuÉ™t/,,round cardamom,round cardamom,,,,,,,,,,9,,,,,,,,18:55,yyzz,https://ctext.org/wiki.pl?if=en&chapter=801324,,,,,,,yes,,,
3.0,yes,zh,doukou,,,,yes,,Pali,,takkola,,,,,"Bdellium, a perfume made from the berry of the kakkola plant","Bdellium, a perfume made from the berry of the kakkola plant",,,,,,,cf. Ptolemy's Takola,,,-3,,,,,,,,292,pali_text_society_pali_1921,https://dsal.uchicago.edu/cgi-bin/app/pali_query.py?qs=takkola&matchtype=default,,,,,,,yes,,,
4.0,yes,zh,doukou,,,,yes,,Sanskrit,"à¤¤à¤•à¥à¤•à¥‹à¤², à¤•à¤•à¥à¤•à¥‹à¤²","takkola, kakkola",,,,,plant with aromatic berry; the perfume made from it,plant with aromatic berry; the perfume made from it,,,,,Pali \textit{takkola}; Tibetan \ti{à½€à¼‹à½€à½¼à¼‹à½£} \textit{kakola}; Chinese å˜å“¥æ‹‰ \textit{gÃ¡gÄ“lÄ},,,,,,,,,,,,,"431, 241",monier-williams_sanskritenglish_1899,https://www.sanskrit-lexicon.uni-koeln.de/scans/MWScan/2020/web/webtc2/index.php,,,,,,,yes,,,
,,,,,,,,,,,,,,,,,,,,,,,,,,,,,,,,,,,,,,,,,,,,,,,
1.0,yes,en,cassia,,,,,,English,,cassia,,,,,,,,,,,,,,yes,,16,c. 1000,,,,,,,cassia,oed,,cassia,oed,https://www.oed.com/view/Entry/28492,,OE,https://www.etymonline.com/word/cassia,yes,,,
2.0,yes,en,cassia,,,,,,Latin,,casia,,cassia,,,id.,id.,,,,,,,,yes,yes,1,,,,,,,,,rosol_early_2018,,,LS,http://www.perseus.tufts.edu/hopper/morph?l=casia&la=la&can=casia0#lexicon,,,,yes,,,
3.0,yes,en,cassia,,,,,,Ancient Greek,ÎºÎ±ÏƒÎ¯Î±,kasÃ­a,,kassÃ­a,,,id.,id.,,,,,,,,yes,yes,-6,,,,,,,,653,beekes_etymological_2010,,,LSJ,http://www.perseus.tufts.edu/hopper/morph?l=kasi%2Fa&la=greek&can=kasi%2Fa0#Perseus:text:1999.04.0057:entry=kasi/a-contents,,,,yes,,,
4.0,yes,en,cassia,,,,,,Ancient Hebrew,×§Ö°×¦Ö´×™×¢Ö¸×”,qÉ™á¹£Ã®Ê¿Ã¢,×§Ö°×¦Ö·×¢ qÄtsaÊ¿,q'tsÄ«Ê¿Äh,,,"a bark resembling cinnamon, but less aromatic, so called from being stripped off","a bark resembling cinnamon, but less aromatic, so called from being stripped off","from \textit{qá¹£aÊ¿} `to cut off, strip off bark'",hapax legomenon in the Bible; Ps. 45:9,,,,,,,yes,,,,,,,,,589,klein_comprehensive_1987,,,ahd,https://www.ahdictionary.com/word/search.html?q=cassia,,SR,http://www.semiticroots.net/index.php?r=root/view&id=427,yes,,,
,,,,,,,,,,,,,,,,,,,,,,,,,,,,,,,,,,,,,,,,,,,,,,,
1.0,yes,ar,salikha,,,,,,Arabic,Ø³Ù„ÙŠØ®Ø©,salÄ«kha,,,,"peeled off, stripped off",cinnamon bark; cassia bark,cinnamon bark; cassia bark,"from \textit{salakha} `to pull off, strip off; skin, flay'; Semitic root \textit{s-l-kh}",,,*,,,,,,,,,,,,,,491,wehr_dictionary_1976,"http://ejtaal.net/aa/#hw4=504,ll=1450,ls=5,la=2062,sg=522,ha=342,br=471,pr=79,aan=276,mgf=436,vi=194,kz=1131,mr=321,mn=648,uqw=791,umr=516,ums=438,umj=377,ulq=945,uqa=202,uqq=158,bdw=h441,amr=h313,asb=h467,auh=h762,dhq=h266,mht=h425,msb=h115,tla=h57,amj=h365,ens=h1,mis=h1",491,wehr_dictionary_1976,"http://ejtaal.net/aa/#hw4=504,ll=1450,ls=5,la=2062,sg=522,ha=342,br=471,pr=79,aan=276,mgf=436,vi=194,kz=1131,mr=321,mn=648,uqw=791,umr=516,ums=438,umj=377,ulq=945,uqa=202,uqq=158,bdw=h441,amr=h313,asb=h467,auh=h762,dhq=h266,mht=h425,msb=h115,tla=h57,amj=h365,ens=h1,mis=h1",,,,yes,,,
,,,,,,,,,,,,,,,,,,,,,,,,,,,,,,,,,,,,,,,,,,,,,,,
1.0,yes,zh,rougui,,,,,,Mandarin Chinese,è‚‰æ¡‚,rÃ²uguÃ¬,,,MC /kweiH/,flesh-cinnamon,cassia,cassia,\textit{guÃ¬} is modified by \textit{rÃ²u} to distuinguish it from the osmanthus flower (æ¡‚èŠ± \textit{guÃ¬huÄ}),,,,,,,,,,,,,,,,,,,,,,,,,,yes,,,
,,,,,,,,,,,,,,,,,,,,,,,,,,,,,,,,,,,,,,,,,,,,,,,
1.0,yes,en,cinnamon,,,,,,English,,cinnamon,,,,,,cinnamon,,"Middle English \textit{sinamome, synamome}",,,,,,yes,,15,c. 1430,,,,,,,cinnamon,oed,https://www.oed.com/view/Entry/33132,cinnamon,oed,https://www.oed.com/view/Entry/33132,cinnamon,OE,https://www.etymonline.com/word/cinnamon,yes,,,
2.0,yes,en,cinnamon,,,,,,French,,cinnamome,,cinname,,,id.,cinnamon,,earlier \textit{cynnamome}; also \nth{16} c. \textit{cinamonde},,,,,,yes,yes,13,1211,,,,,,,,tlfi,,,tlfi,https://www.cnrtl.fr/etymologie/cinnamome,,,,yes,,,
3.0,yes,en,cinnamon,,,,,,Latin,,cinnamÅmum,,"cinnamum, cinnamon",,,id.,cinnamon,,,,,,,,yes,yes,1,,,,,,,,,lewis_latin_1879,,,LS,http://www.perseus.tufts.edu/hopper/morph?l=cinnam%C5%8Dmum&la=la#lexicon,,,,yes,,,
4.0,yes,en,cinnamon,,,,,,Ancient Greek,ÎºÎ¹Î½Î½Î¬Î¼Ï‰Î¼Î¿Î½,kinnÃ¡mÅmon,ÎºÎ¯Î½Î½Î±Î¼Î¿Î½,kÃ­nnamon,,,id.,cinnamon,"later refashioned as \textit{kÃ­nnamon} after Latin \textit{cinnamum/cinnamon}, which partly influenced the current English form",of Semitic origin,,Coptic \co{â²•â²“â²›â²›â²â²™â²±â²™â²Ÿâ²›} \textit{kinnamomon},,,,yes,yes,-5,,,,,,,,701,beekes_etymological_2010,,,LSJ,http://www.perseus.tufts.edu/hopper/morph?l=kinna%2Fmwmon&la=greek&can=kinna%2Fmwmon0&prior=to/#lexicon,,LSJ,http://www.perseus.tufts.edu/hopper/morph?l=ki%2Fnna%5Emon&la=greek&can=ki%2Fnna%5Emon0#lexicon,yes,,,
5.0,yes,en,cinnamon,,,,,,Semitic,,*qnmwn,,,,,,cinnamon,,probably a loanword from a non-Semitic language,,Ancient Hebrew \he{×§Ö´× Ö¼Ö¸××•Ö¹×Ÿ} \textit{qinÄmÅn}; Judeo-Aramaic \sy{Ü©Ü¢Ü¡Ü˜} \textit{qnmw},,,,,yes,,,,,,,,,585,klein_comprehensive_1987,,,ahd,https://www.ahdictionary.com/word/search.html?q=cinnamon,,,,yes,,,
6.0,yes,en,cinnamon,,,,,,,,,,,,,,cinnamon,,,,,,,,,,,,,,,,,,,rosol_early_2018,,,,,,,,yes,,,
,,,,,,,,,,,,,,,,,,,,,,,,,,,,,,,,,,,,,,,,,,,,,,,
1.0,yes,ar,darsini,,,,,,Arabic,Ø¯Ø§Ø±ØµÙŠÙ†ÙŠ,dÄrá¹£Ä«nÄ«,,dÄr á¹£Ä«nÄ« ,,,cinnamon,cinnamon,,,,,,,,,,,,,,,,,,311,wehr_dictionary_1976,"http://ejtaal.net/aa/#hw4=324,ll=883,ls=5,la=1312,sg=369,ha=206,br=322,pr=54,aan=183,mgf=293,vi=142,kz=670,mr=218,mn=382,uqw=498,umr=353,ums=285,umj=232,ulq=688,uqa=128,uqq=101,bdw=h291,amr=h218,asb=h275,auh=h555,dhq=h173,mht=h271,msb=h79,tla=h47,amj=h225,ens=h164,mis=h643",311,wehr_dictionary_1976,"http://ejtaal.net/aa/#hw4=324,ll=883,ls=5,la=1312,sg=369,ha=206,br=322,pr=54,aan=183,mgf=293,vi=142,kz=670,mr=218,mn=382,uqw=498,umr=353,ums=285,umj=232,ulq=688,uqa=128,uqq=101,bdw=h291,amr=h218,asb=h275,auh=h555,dhq=h173,mht=h271,msb=h79,tla=h47,amj=h225,ens=h164,mis=h643",,,,yes,,,
2.0,yes,ar,darsini,,,,,,Persian,Ø¯Ø§Ø±Ú†ÛŒÙ†,dÄrchÄ«nÄ«,Ø¯Ø§Ø±Ú†ÛŒÙ†ÛŒâ€,"dÄr-i chÄ«nÄ«, dÄrchÄ«n",,Chinese wood,id.,cinnamon,from Persian \textit{dÄr} `wood' + \textit{cÄ«n} `China',,,Sanskrit \textit{dÄru} (PIE *dÃ³ru),,,,,,,,,,,,,,,dietrich_dar_2004,,dÄr á¹£Ä«nÄ« ,EI2,,,,,yes,,,
3.0,yes,ar,darsini,,,,,,Pahlavi,*dÄr Ä« ÄÄ“nÄ«g,*dÄr Ä« ÄÄ“nÄ«g,,,,,id.,cinnamon,,cf. Armenian \textit{dariÄenik},,,,,,,,,,,,,,,,,alam_darcini_2011,,dÄrÄÄ«nÄ«,EIr,https://www.iranicaonline.org/articles/darcini,,,,yes,,,
,,,,,,,,,,,,,,,,,,,,,,,,,,,,,,,,,,,,,,,,,,,,,,,
1.0,yes,ar,qirfa,,,,,,Arabic,Ù‚Ø±ÙØ©,qirfa,,,,"bark, rind",cinnamon,cinnamon,"from qarafa `to peel, bark, derind'; Semitic root q-r-f",related to root q-l-f,,,Amharic \textit{kerefe},,,,,,,,,,,,,,[888]{wehr_dictionary_1976}[427]{leslau_comparative_1991},"http://ejtaal.net/aa/#hw4=901,ll=2613,ls=9,la=3599,sg=850,ha=612,br=778,pr=126,aan=520,mgf=723,vi=296,kz=2122,mr=535,mn=1111,uqw=1305,umr=876,ums=737,umj=654,ulq=1410,uqa=346,uqq=306,bdw=h713,amr=h517,asb=h790,auh=h1287,dhq=h453,mht=h734,msb=h197,tla=h84,amj=h643,ens=h1,mis=h1772",888,wehr_dictionary_1976,"http://ejtaal.net/aa/#hw4=901,ll=2613,ls=9,la=3599,sg=850,ha=612,br=778,pr=126,aan=520,mgf=723,vi=296,kz=2122,mr=535,mn=1111,uqw=1305,umr=876,ums=737,umj=654,ulq=1410,uqa=346,uqq=306,bdw=h713,amr=h517,asb=h790,auh=h1287,dhq=h453,mht=h734,msb=h197,tla=h84,amj=h643,ens=h1,mis=h1772",427,Leslau,https://books.google.com.hk/books?id=WqkbGRnoSncC&pg=PA427&lpg=PA427&dq=qarafa+semitic+roots&source=bl&ots=UduX8r_dVH&sig=ACfU3U1-atrHsrJzB-9xi7kga2HN1dM5QA&hl=en&sa=X&ved=2ahUKEwi0wu-D5aD4AhULK5QKHXqDCUsQ6AF6BAgCEAM#v=onepage&q=qarafa%20semitic%20roots&f=false,yes,,,
,,,,,,,,,,,,,,,,,,,,,,,,,,,,,,,,,,,,,,,,,,,,,,,
1.0,yes,en,chile,,,,,,English,,chilli,,,,,,chili pepper,,,,,,,,yes,,17,1662,,,,,,,chilli,OED,https://www.oed.com/view/Entry/31675,,OE,https://www.etymonline.com/word/chili,,,,,,,
2.0,yes,en,chile,,,,,,Spanish,,chile,,,,,id.,chili pepper,,,,,,,,yes,yes,16,1571,,,,,,,chile,DLE,https://dle.rae.es/chile,,,,,,,,,,
3.0,yes,en,chile,,,,,,Classical Nahuatl,,chÄ«lli,,,,,the chili plant,chili plant,,,,,,,,,yes,,,,,,,,,chilli,OND,https://nahuatl.uoregon.edu/content/chilli,,,,,,,,,,
,,,,,,,,,,,,,,,,,,,,,,,,,,,,,,,,,,,,,,,,,,,,,,,
1.0,yes,ar,fulful harr,,,,,,Arabic,ÙÙ„ÙÙ„ Ø­Ø§Ø± ,fulful á¸¥Ärr,,,,hot pepper,chili pepper,chili pepper,,,,,,,,,,,,,,,,,,,wehr_dictionary_1976,,,,,,,,,,,
,,,,,,,,,,,,,,,,,,,,,,,,,,,,,,,,,,,,,,,,,,,,,,,
1.0,yes,zh,lajiao,,,,,,Mandarin Chinese,è¾£æ¤’,lÃ jiÄo,,,,pungent-pepper,chili pepper,chili pepper,,,,,,,,,,,,,,,,,,,defrancis_abc_2003,,,,,,,,,,,
,,,,,,,,,,,,,,,,,,,,,,,,,,,,,,,,,,,,,,,,,,,,,,,
1.0,yes,en,paprika,,,,,,English,,paprika,,,,,,,,,,,,,,,yes,,,,,,,,,,,,,OE,https://www.etymonline.com/word/paprika,,,,,,,
2.0,yes,en,paprika,,,,,,Hungarian,,paprika,,,,,,,diminutive?,,,,,,,,yes,,,,,,,,,,,,,,,,,,,,,
3.0,yes,en,paprika,,,,,,Serbian-Croatian-Bosnian,,paprika,,,,,little pepper,little pepper,"(papar+ika) papar = pepper; -ika = Suffix appended to words to create a feminine noun, usually denoting a plant.",,,,,,,,yes,,,,,,,,,,,,,,"https://dizbi.hazu.hr/a/?pr=iiif.v.a&id=196806&tify={%22pages%22:[634],%22panX%22:0.481,%22panY%22:0.502,%22view%22:%22thumbnails%22,%22zoom%22:0.741}",,,,,,,
4.0,yes,en,paprika,,,,,,Slavic,*pÑŒpÑŒrÑŒ,*pÄ­pÄ­rÄ­ ,,,,,,,,,,,,,,,,,,,,,,,,,,,,,,,,,,,,
5.0,yes,en,paprika,,,,,,Latin,,piper,,,,,,,,,,,,,,,,,,,,,,,,,,,,,,,,,,,,
6.0,yes,en,paprika,,,yes,yes,,Modern Greek,,piperi,,,,,,,,,,,,,,,yes,,,,,,,,,,,,,,,,,,,,,
7.0,yes,en,paprika,,,,,,Ancient Greek,Ï€Î­Ï€ÎµÏÎ¹,pÃ©peri,,,,,,,,,,,,,,,yes,,,,,,,,,,,,,,,,,,,,,
8.0,yes,en,paprika,,,,,,Pahlavi,,?,,,,,,,,,,,,,,,yes,,,,,,,,,,,,,,,,,,,,,
9.0,yes,en,paprika,,,,,,Middle Indo-Aryan,,pipparÄ«,,,,,,,,,,,,,,,yes,,,,,,,,,,,,,,,,,,,,,
10.0,yes,en,paprika,,,,,,Sanskrit,,pippalÄ«,,,,,,,,,,,,,,,yes,,,,,,,,,,,,,,,,,,,,,
,,,,,,,,,,,,,,,,,,,,,,,,,,,,,,,,,,,,,,,,,,,,,,,
1.0,yes,en,clove,,,,,,English,,clove,,,,,,,,,Middle English \textit{clowe},,,,,,,13,c. 1225?,,oed,,,,,,,,,OE,https://www.etymonline.com/word/clove,,,,,,,
2.0,yes,en,clove,,,,,,Anglo-Norman,,clow,,,,,,,,,,,,,,,,,c. 1200,,,,,,,,,,,,,,,,,,,
3.0,yes,en,clove,,,,,,Old French,,clou,,,,,,,,,,,,,,,,,12,,,,,,,,,,,,,,,,,,,
4.0,yes,en,clove,,,,,,Latin,,clÄvus,,,,,nail,nail,,,,,,,,,,,,,,,,,,,,,,,,,,,,,,
,,,,,,,,,,,,,,,,,,,,,,,,,,,,,,,,,,,,,,,,,,,,,,,
1.0,yes,ar,qaranful,,,,,,Arabic,Ù‚Ø±Ù†ÙÙ„,qaranful,,,,,,clove,,also refers to carnation flower,,,,,,,,,,,,,,,,,,,,,,,,,,,,
2.0,yes,ar,qaranful,,,,yes,,Dravidian,,?,,,,,,,"perhaps from a language of South India, where cloves were initially traded from",,,,,"cf. Tamil \ta{à®•à®°à®¾à®®à¯à®ªà¯} \textit{karÄmpu}, and Malayalam, Sinhalese, etc.",,,,,,,,,,,,,,,,,,,,,,,,
,,,,,,,,,,,,,,,,,,,,,,,,,,,,,,,,,,,,,,,,,,,,,,,
1.0,yes,zh,dingxiang,,,,,,Mandarin Chinese,ä¸é¦™,dÄ«ngxiÄng,,,,nail-spice,,clove,using pictogram after the shape of the spice,earlier name is é›èˆŒé¦™ \textit{jÄ«shÃ©xiÄng} [chicken-tongue-spice]  ,,,,,,,,14,1321,Ming,CTP,,Romance of the Three Kingdoms,,,,,,,,,,,,,,,
,,,,,,,,,,,,,,,,,,,,,,,,,,,,,,,,,,,,,,,,,,,,,,,
1.0,yes,en,coriander,,,,,,English,,coriander,,,,,,,,,,,,,,,,,,,,,,,,,,,,OE,https://www.etymonline.com/word/coriander,,,,,,,
2.0,yes,en,coriander,,,,,,Old French,,coriandre,,,,,,,,,,,,,,,,,,,,,,,,,,,,,,,,,,,,
3.0,yes,en,coriander,,,,,,Latin,,coriandrum,,,,,,,,,,,,,,,,,,,,,,,,,,,,,,,,,,,,
4.0,yes,en,coriander,,,,,,Ancient Greek,,korÄ«annon;-dron,,,,,,,,,,,,,,,,,,,,,,,,,,,,,,,,,,,,
,,,,,,,,,,,,,,,,,,,,,,,,,,,,,,,,,,,,,,,,,,,,,,,
1.0,yes,ar,kuzbura,,,,,,Arabic,ÙƒØ²Ø¨Ø±Ø©,kuzbara,,,,,,coriander,,,,,,,,,,,,,,,,,,,,,,,,,,,,,,
2.0,yes,ar,kuzbura,,,,,,Aramaic,\he{×›×¡×‘×¨×”},kusbara,,,,,,coriander,,,,Classical Syriac \sy{ÜŸÜ½Ü˜Ü£Ü’Ü°ÜªÜ¬Ü³Üâ€} \textit{kÅ«sbartÄ},,,,,,,,,,,,,,,,,,,,,,,,,,
3.0,yes,ar,kuzbura,,,,,,Akkadian,\cu{ğ’Šºğ’‡½},kisibirru,,,,,,coriander,,,,,,,,,,,,,,,,,,,,,,,,,,,,,,
4.0,yes,ar,kuzbura,,,,yes,,Sanskrit,à¤•à¥à¤¸à¥à¤¤à¥à¤®à¥à¤¬à¤°à¥€,kustumbarÄ«,,,,,,coriander,,,,,Tamil \ta{à®•à¯Šà®¤à¯à®¤à®®à®²à¯à®²à®¿} \textit{kottamalli}; Indonesian \textit{ketumbar},,,,,,,,,,,,,,,,,,https://dsal.uchicago.edu/cgi-bin/app/tamil-lex_query.py?qs=%E0%AE%95%E0%AF%8A%E0%AE%A4%E0%AF%8D%E0%AE%A4%E0%AE%AE%E0%AE%B2%E0%AF%8D%E0%AE%B2%E0%AE%BF&searchhws=yes&matchtype=exact,,,,,,,
,,,,,,,,,,,,,,,,,,,,,,,,,,,,,,,,,,,,,,,,,,,,,,,
1.0,yes,zh,yansui,,,,,,Mandarin Chinese,èŠ«è½,yÃ¡nsuÄ«,,,,lilac-coriander,coriander,coriander,"\textit{yan} `lilac daphne' + \textit{sui} `coriander', maybe a remodeling of èƒ¡è½ \textit{husui} after èŠ«èŠ± \textit{yanhua} `lilac daphne' (\textit{Daphne genkwa} a herb in TCM, on accou",the characters only appear in these words,,,,,,,,16,c. 1592,Ming,CTP,,Journey to the West,,,,,,,,,,,,,,,
,,,,,,,,,,,,,,,,,,,,,,,,,,,,,,,,,,,,,,,,,,,,,,,
1.0,yes,zh,husui,,,,,,Mandarin Chinese,èƒ¡è½,hÃºsuÄ«,,,,barbarian-sui,coriander,coriander,phono-semantic matching of an Iranian form,,,,,,"phono-semantic matching of an Iranian form *koswi, *koÅ¡wi, *goÅ¡wi (Laufer, 1967). Compare Middle Persian gÅ¡nyc (giÅ¡nÄ«z, â€œcorianderâ€), kÅ¡nyc (kiÅ¡nÄ«z), whence , â€œcorianderâ€). Also compare Sanskrit à¤•à¥à¤¸à¥à¤¤à¥à¤®à¥à¤¬à¤°à¥€ (kustumbarÄ«).",,,4,,,,,,,,,laufer_sino-iranica_1919,,,,,,,,,,,
2.0,yes,zh,husui,,,,,,Iranian,,"*koswi, *koÅ¡wi, *goÅ¡wi",,,,,id.,id.,,,,Middle Persian \textit{giÅ¡nÄ«z/kiÅ¡nÄ«z} `coriander'  ,Modern Persian Ú¯Ø´Ù†ÛŒØ²â€ \textit{geÅ¡niz} `id.',,,,,,,,,,,,,,,,,,,,,,,,,
,,,,,,,,,,,,,,,,,,,,,,,,,,,,,,,,,,,,,,,,,,,,,,,
1.0,yes,en,cumin,,,,,,English,,cumin,,,,,,,"Middle English cumin, comin was either from French (like Middle Dutch comijn, Dutch komijn), or altered from Old English cymen after French.",Old English \textit{cymen},,"Old High German chumin, cumin, also chumil (Middle High German kÃ¼mel, German kÃ¼mmel), Swedish kummin, Danish kummen. The word has also come down in the Romanic languages, Italian cumino, comino, Spanish comino, Portuguese cominho, Old French cumin, comin. ",,,,,,,,,,,,,,cumin,oed,https://www.oed.com/view/Entry/45801,,,,,OE,https://www.etymonline.com/word/cumin,,,,
2.0,yes,en,cumin,,,,,,Latin,,cumÄ«num,,cymÄ«num,,,id.,id.,,,,,,,,,,,,,,,,,,,,,,,,,,,,,,
3.0,yes,en,cumin,,,,,,Ancient Greek,ÎºÏÎ¼á¿‘Î½Î¿Î½,kÃºmÄ«non,,,,,id.,id.,"The Greek ÎºÏÎ¼á¿‘Î½Î¿Î½ is supposed to have been a foreign word, cognate in origin with the Semitic names",,,,,,,,,,,,,,,,,,,,,,,,,,,,,
4.0,yes,en,cumin,,,,,,Semitic,,*kmn,,,,,id.,id.,,,,Arabic \textit{kammÅ«n}; Hebrew \textit{kammÅn}; Akkadian \textit{kamÅ«nu},,,,,,,,,,,,,,,,,,,,,,,,,,
,,,,,,,,,,,,,,,,,,,,,,,,,,,,,,,,,,,,,,,,,,,,,,,
1.0,yes,ar,kammun,,,,,,Arabic,ÙƒÙ…ÙˆÙ†,kammÅ«n,,,,,cumin,cumin,,,,,,,,,,,,,,,,,,,,,,,,,,,,,,
2.0,yes,ar,kammun,,,,,,Aramaic,\he{×›Ö·Ö¼×Ö¹Ö¼×•× Ö¸Ö¹×â€}/\sy{Ü©Ü°Ü¡Ü½Ü˜Ü¢Ü³Üâ€},kammÅnÄ,,,,,id.,cumin,,,,Old Armenian \hy{Õ¹Õ¡Õ´Õ¡Õ¶} \textit{ÄÊ¿aman},,,,,,,,,,,,,,,,,,,,,,,,,,
3.0,yes,ar,kammun,,,,,,Akkadian,\cu{ğ’Œ‘ğ’·ğ’Šºğ’‰ª} Ãš.GAMUN,kamÅ«nu,,,,,id.,cumin,,,,,,,,,,,,,,,,,,,,,,,,,,,,,,
,,,,,,,,,,,,,,,,,,,,,,,,,,,,,,,,,,,,,,,,,,,,,,,
1.0,yes,zh,ziran,,,,,,Mandarin Chinese,å­œç„¶,zÄ«â€‹rÃ¡n,,,,,cumin,cumin,modern loan from Uyghur,the historic term is è’”è˜¿ from Middle Persian \textit{*zÄ«ra} during Tang dynasty,,,,,,,,,,Qing,,,,,,,[383]{laufer_sino-iranica_1919}[45]{sulaiman_uyghur_2020}[]{liu_hanyu_1985},,,,,,,,,,,
2.0,yes,zh,ziran,,,,,,Uyghur,Ø²Ù‰Ø±Û•,zirÃ¤,,,,,id.,cumin,,,,,,,,,,,,,,,,,,561,schwarz_uyghur-english_1992,,,,,,,,,,,
3.0,yes,zh,ziran,,,,,,Persian,Ø²ÛŒØ±Ù‡,zÄ«ra,,,,,id.,cumin,distantly related to Sanskrit \textit{jÄ«raka},zire-ye siyÄh [black cumin] `caraway'; zire-ye sabz [green cumin] `cumin',,Sogdian zyr'kk /zÃ®rÃª/,Hindi-Urdu \textit{zÄ«rÄ},,,,,,,,,,,,,634,steingass_comprehensive_1892,,,,,,,,,,,
4.0,yes,zh,ziran,,,,yes,,Sanskrit,à¤œà¥€à¤°,jÄ«ra,à¤œà¥€à¤°à¤•,jÄ«raka,,,id.,cumin,,,,,Hindi à¤œà¥€à¤°à¤¾ \textit{jÄ«rÄ}; English \textit{jeera},,,,,,,,,,,,,,[375]{mcgregor_oxford_1993},,,SD,https://sanskritdictionary.com/?iencoding=iast&q=j%C4%ABra&lang=sans&action=Search,,,,,,,
,,,,,,,,,,,,,,,,,,,,,,,,,,,,,,,,,,,,,,,,,,,,,,,
1.0,yes,en,dill,,,,,,English,,dill,,,,,,,Germanic word of uncertain origin,,"Old English \textit{dili, dile, dil dyle} (masculine)"," Old Low German \textit{dilli}, Dutch \textit{dille}, Old High German \textit{tilli}, Middle High German \textit{tille}, German \textit{dill, dille}, Danish \textit{dild}, Swedish \textit{dill} ",,,,,,8,a. 700,Old English,oed,,The Epinal Glossary,,,dill,oed,https://www.oed.com/view/Entry/52792,,,,,,,,,,
,,,,,,,,,,,,,,,,,,,,,,,,,,,,,,,,,,,,,,,,,,,,,,,
1.0,yes,ar,shibitt,,,,,,Arabic,Ø´Ø¨Øª,shibitt,,,,,,dill,,,,,,,,,,,,,,,,,,1494-1495,lane_arabic-english_1863,https://archive.org/details/ArabicEnglishLexicon.CopiousEasternSources.EnlargedSuppl.Kamoos.Lane.Poole.1863/04.ArabicEnglLex.v1p4.let.12.13.14.Sin.Shin.Sad.Lane.1872./page/n217/mode/2up?view=theater,,,,,,,,,,
2.0,yes,ar,shibitt,,,,,,Aramaic,\sy{Ü«Ü’Ü·Ü¬Ü´İÜâ€},Å¡É™á¸‡ettÄ,\he{×©Ö´××™×‘Ö°×ªÖ¸×â€},Å¡iá¸‡É™á¹¯Ä,,,,dill,,,,Hebrew \he{×©Ö¶××‘Ö¶×ªâ€} \textit{Å¡Ã©á¸‡eá¹¯}; Persian \fa{Ø´ÙˆÛŒØ¯â€} \textit{Å¡evid} ,,,,,,,,,,,,,,,,,,cal,https://cal.huc.edu/oneentry.php?lemma=%24bt+N&cits=all,,,,,,,
3.0,yes,ar,shibitt,,,,,,Akkadian,\cu{ğ’…†ğ’‚ğ’Œˆ},Å¡ibittu,,,,,,dill,,,,,,,,,,,,,,,,,,,,,,,,,,,,,,
,,,,,,,,,,,,,,,,,,,,,,,,,,,,,,,,,,,,,,,,,,,,,,,
1.0,yes,zh,shiluo,,,,,,Mandarin Chinese,è’”è˜¿,shÃ­luÃ³,,,,,,dill,,,,,,,"From Persian Ø²ÛŒØ±Ù‡â€ (zire, â€œcumin seedâ€) or Sanskrit à¤œà¥€à¤°à¤• (jÄ«raka, â€œcumin seedâ€). Attested in Tang dynasty. Compare å­œç„¶ (zÄ«rÃ¡n, â€œcuminâ€), possibly ultimately from the same source.",,,11,1008,Northern Song,CTP,,Guangyun,,,,,,,,,,,,,,,
2.0,yes,zh,shiluo,,,,,,Persian,,zÄ«ra,,,,,id.,dill,distantly related to Sanskrit \textit{jÄ«raka},zire-ye siyÄh [black cumin] `caraway'; zire-ye sabz [green cumin] `cumin',,Sogdian zyr'kk /zÃ®rÃª/,Persian \textit{zÄ«ra}; Hindi-Urdu \textit{zÄ«rÄ},,,,,,,,,,,,,634,steingass_comprehensive_1892,,,,,,,,,,,
3.0,yes,zh,shiluo,,,,yes,or,Sanskrit,à¤œà¥€à¤°,jÄ«ra,à¤œà¥€à¤°à¤•,jÄ«raka,,,,dill,,,,,Hindi à¤œà¥€à¤°à¤¾ \textit{jÄ«rÄ}; English \textit{jeera},,,,,,,,,,,,,,,,,SD,https://sanskritdictionary.com/?iencoding=iast&q=j%C4%ABra&lang=sans&action=Search,,,,,,,
,,,,,,,,,,,,,,,,,,,,,,,,,,,,,,,,,,,,,,,,,,,,,,,
1.0,yes,en,fennel,,,,,,English,,fennel,,,,,,,,,,,,,marathon,,,8,a. 700,Old English,,,,,,fennel,oed,https://www.oed.com/view/Entry/69273,,,,,,,,,,
2.0,yes,en,fennel,,,yes,,,Old English,,fenol,,"finugl, finule, fenol, finul",,,,,,,,,,,,,,8,a. 700,Old English,,,,,,,,,,,,,,,,,,
3.0,yes,en,fennel,,,,,,Latin,,faeniculum,,,,,,,"via Vulgar Latin \textit{fÄ“noclum, fÄ“nuclum} substituted for classical Latin \textit{faeniculum}, diminutive of \textit{faenum} hay",,,,"Old French fenoil (modern French fenouil), ProvenÃ§al fenolh, Italian finocchio, Spanish hinojo.",,,,,,,,,,,,,,,,,,,,,,,,,
,,,,,,,,,,,,,,,,,,,,,,,,,,,,,,,,,,,,,,,,,,,,,,,
1.0,yes,ar,shamar,,,,,,Arabic, Ø´Ù…Ø±,shamar,,"shamÄr; shamra, shumra",,,,fennel,,,,,,,"From Aramaic, where attested forms include Jewish Babylonian Aramaic ×¡Ö´×Ö°×¨Ö¸×â€, ×¡Ö´×™×Ö°×¨Ö¸×â€ (simrÄ), absolute state ×¡Ö°×Ö·×¨â€ (smar), Jewish Palestinian Aramaic ×©×•××¨×â€ (Å¡ummÄrÄ), Classical Syriac Ü«Ü²Ü¡ÜµÜªÜµÜâ€ (Å¡ammÄrÄ) and Ü«Ü˜Ü¼Ü¡ÜµÜªÜµÜâ€ (Å¡ummÄrÄ), all meaning fennel, deriving from Akkadian ğ’Œ‘ğ’„© (Å¡imru, simru, â€œfennelâ€), also found in Hebrew ×©Ö»××Ö¸Ö¼×¨â€ (Å¡ummÄÌr, â€œfennelâ€) and ×©Ö¸××Ö´×™×¨â€ (Å¡ÄmÄ«Ìr, â€œdillâ€), and likely Ugaritic ğ˜ğğ— (á¹¯mr, â€œlikely fennelâ€). Related to Old Armenian Õ·Õ¡Õ´Ö€Õ¡Õµ (Å¡amray), Õ·Õ¸Ö‚Õ´Ö€Õ¡Õµ (Å¡umray), a Semitic borrowing.",,,,,,,,,,,,,,,,,,,,,,,
2.0,yes,ar,shamar,,,,,,Aramaic,,simra,,,,,,fennel,,,,,,,,,,,,,,,,,,,,,,,,,,,,,,
3.0,yes,ar,shamar,,,,,,Akkadian,\cu{ğ’Œ‘ğ’„©},Å¡imru,,simru,,,,fennel,,,,,,,,,,,,,,,,,,,,,,,,,,,,,,
,,,,,,,,,,,,,,,,,,,,,,,,,,,,,,,,,,,,,,,,,,,,,,,
1.0,yes,zh,huixiang,,,,,,Mandarin Chinese,èŒ´é¦™,huÃ­xiÄng,,,,hui-spice,,fennel,"èŒ´ \textit{hui} refers to fennel, anise, and related plants; it perhaps could be rendered as `muslim spice' by way of its construction: å› `Islam; Hui people' +  è‰¹ `grass, herb' (Hu, 2005); or, phono semantic compund",,,,,,,,,,,,,,,,,,hu_food_2005,,,,,,,,,,,
,,,,,,,,,,,,,,,,,,,,,,,,,,,,,,,,,,,,,,,,,,,,,,,
1.0,yes,en,fenugreek,,,,,,English,,fenugreek,,,,,,,"in old English from Latin, in Middle English and later from French",,Old English \textit{fenogrÃ¦cum},,,,,,,,,,,,,,,,,,,oed,https://www.oed.com/view/Entry/69289,,,,,,,
2.0,yes,en,fenugreek,,,,,,French,,fenugrec,,,,,,,,,,,,,,,,,,,,,,,,,,,,,,,,,,,,
3.0,yes,en,fenugreek,,,,,,Latin,,faenugraecum,,,,Greek-hay,,,named \textit{faenum Graecum} `Greek hay' by the Romans,,,,,,,,,,,,,,,,,,,,,,,,,,,,,
,,,,,,,,,,,,,,,,,,,,,,,,,,,,,,,,,,,,,,,,,,,,,,,
1.0,yes,ar,hulba,,,,,,Arabic,Ø­Ù„Ø¨Ø©,á¸¥ulba,,,,,fenugreek,fenugreek,Semitic,,,Classical Syriac \sy{ÜšÜ Ü’Ü¬Ü}; Hebrew \he{×—Ö´×œÖ°×‘Ö¸Ö¼×”}â€ \textit{á¸¥ilbÄ},,,,,,,,,,,,,,,,,,,,,wehr_dictionary_1976,http://ejtaal.net/aa/#hw4=247,,,,
,,,,,,,,,,,,,,,,,,,,,,,,,,,,,,,,,,,,,,,,,,,,,,,
1.0,yes,zh,huluba,,,,,,Mandarin Chinese,èƒ¡è˜†å·´,hÃºlÃºbÄ,,,,,fenugreek,fenugreek,,,,,,,,,,,,,,,,,,,,,,,,,,,,,,
2.0,yes,zh,huluba,,,yes,yes,,Persian,Ø­Ù„Ø¨Ø©,á¸¥ulba,,,,,id.,fenugreek,,,,,,,,,,,,,,,,,,,,,,,https://dsal.uchicago.edu/cgi-bin/app/steingass_query.py?page=428,,,,,,,
2.0,yes,zh,huluba,,,,,,Arabic,Ø­Ù„Ø¨Ø©,á¸¥ulba,,,,,id.,fenugreek,Semitic,,,Classical Syriac \sy{ÜšÜ Ü’Ü¬Ü}; Hebrew \he{×—Ö´×œÖ°×‘Ö¸Ö¼×”}â€ \textit{á¸¥ilbÄ},,,,,,,,,,,,,,,,,,,,,wehr_dictionary_1976,http://ejtaal.net/aa/#hw4=247,,,,
,,,,,,,,,,,,,,,,,,,,,,,,,,,,,,,,,,,,,,,,,,,,,,,
1.0,yes,en,ginger,,,,,,English,,ginger,,,,,,,,,"Middle English \textit{gingivere}; Anglo-Norman \textit{gingevere, gyngyver}; Old English \textit{Ä¡inÄ¡ifer, -ber}",,,,,,,10,c. 925,eOE,,,Bald's Leechbook,,,,oed;ross_ginger_1952,,,OE,https://www.etymonline.com/word/ginger,,,,,,,
2.0,yes,en,ginger,,,,,reinforced by,Old French,,"gingivere, gingibre ",,gingembre,,,id.,ginger,,,,,,,,,,11,,,,,,,,,,,,,,,,,,,,
3.0,yes,en,ginger,,,,,,Medieval Latin,,gingiber,,zingiber,,,id.,ginger,,,,,,,Late Latin,,,4,,,,,,,,,,,,,,,,,,,,
4.0,yes,en,ginger,,,,,,Latin,,zingiber,,zingiberi,,,id.,ginger,,,,,,,,,,1,,,,,Pliny,,,,,,,,,,,,,,,
5.0,yes,en,ginger,,,,,,Ancient Greek,\gr{Î¶Î¹Î³Î³Î¯Î²ÎµÏÎ¹Ï‚},ziggiberis,Î¶Î¹Î³Î³Î¯Î²ÎµÏÎ¹,ziggiberi,,,id.,ginger,,,,,,,,,,1,,,,,Dioscorides,,,,,,,,,,,,,,,
6.0,yes,en,ginger,,,,,,Pali,,siá¹…givera ,,singi,,,id.,ginger,,,,Sanskrit à¤¶à¥ƒà¤™à¥à¤—à¤µà¥‡à¤° \text{Å›á¹›á¹‡gavera},,,,,,,,,,,,,,,,,,,,,,,,,,
7.0,yes,en,ginger,,,,,,Dravidian,,*cinki-wÄ“r,,,,,id.,ginger,South dravidian nominal compound  from the etyma of Tamil and Malayalam \textit{iÃ±ci} (both with regular loss of an initial sibilant) + \textit{vÄ“r} (Proto-Dravidian \textit{wÄ“r}); the base of \textit{*cinki} is a loanword,,,,,"Khasi sying (pronounced /sÊ”iÅ‹/), Thai khing, Vietnamese gá»«ng, Chinese jiÄng (already in Old Chinese), all in sense â€˜gingerâ€™.",,,,,,,,,,,,5,krishnamurti_dravidian_2003,,,,,,,,,,,
8.0,yes,en,ginger,,,yes,,,unknown language,,?,,,,,id.,ginger,unidentified Southeast Asian language,,,"Khasi \textit{sying} /sÊ”iÅ‹/, Thai \textit{khing}, Vietnamese \textit{gá»«ng}, Chinese \textit{jiÄng}",,,,,,,,,,,,,,,,,,,,,,,,,,
9.0,yes,en,ginger,,,,yes,,Proto-Sino-Tibetan,,*kjaÅ‹,,,,,id.,ginger,,,,,,,,,,,,,,,,,,,,,,,,,,,,,,
,,,,,,,,,,,,,,,,,,,,,,,,,,,,,,,,,,,,,,,,,,,,,,,
1.0,yes,ar,zanjabil,,,,,,Arabic,Ø²Ù†Ø¬Ø¨ÙŠÙ„,zanjabÄ«l,,,,,ginger,ginger,,,,,,,"Compare further Arabic zanjabÄ«l (already in the Qur'an (76:17), probably transmitted via an Iranian language and perhaps also via other Semitic languages), perhaps with folk-etymological influence from Zanj , a medieval name for a region in East Africa (see Zinjanthropus n.). (Influence from either Arabic zanjabÄ«l (preceded by the definite article al ) or its probable (although unattested) variant *zinjabÄ«l has been suggested for the occasional Spanish variant â€ agengibre (16th cent.), but this is more likely to show analogy within Spanish with other common words of Arabic origin, e.g. azucar sugar n., arroz arroz n.)",,,,609-632,,,76:17,Quran,,,,,,,,,,,,,,,
2.0,yes,ar,zanjabil,,,,,,Classical Syriac,Ü™Ü¢Ü“Ü’ÜÜ â€,zangabÄ«l,Ü™Ü¢Ü“Ü’ÜÜª,zangabÄ«r,,,id.,ginger,,,,,,,,,,,,,,,,,,,cal,,,cal,https://cal.huc.edu/oneentry.php?lemma=zngbyl+N&cits=all,,,,,,,
3.0,yes,ar,zanjabil,,,,,,Pahlavi,,singibÄ“r,,,,,id.,ginger,or via another Middle Iranian language,,,,,,,,,,,,,,,,,90,ciancaglini_iranian_2008,,,,,,,,,,,
3.0,yes,ar,zanjabil,,,,,,Sauraseni Prakrit,ğ‘€²ğ‘€ºğ‘€ğ‘€•ğ‘€ºğ‘€¯ğ‘‚ğ‘€­,siá¹ƒgivera,,,,,id.,ginger,,,,,,,,,,,,,,,,,,,,,,,,,,,,,,
4.0,yes,ar,zanjabil,,,,yes,,Sanskrit,à¤¶à¥ƒà¤™à¥à¤—à¤µà¥‡à¤°,Å›á¹›á¹…gavera,,,,,id.,ginger,,,Old Tamil à®‡à®¨à¯à®šà®¿ + à®µà¯‡à®°à¯ \textit{iá¹…ci} `ginger' (a loanword) + \textit{vÄ“r} `root',,,,,,,,,,,,,,,,,,,,,,,,,,,
6.0,yes,ar,zanjabil,,,,,,Dravidian,,*cinki-wÄ“r,,,,,id.,ginger,South dravidian nominal compound  from the etyma of Tamil and Malayalam \textit{iÃ±ci} (both with regular loss of an initial sibilant) + \textit{vÄ“r} (Proto-Dravidian \textit{wÄ“r}); the base of \textit{*cinki} is a loanword,,,,,"Khasi sying (pronounced /sÊ”iÅ‹/), Thai khing, Vietnamese gá»«ng, Chinese jiÄng (already in Old Chinese), all in sense â€˜gingerâ€™.",,,,,,,,,,,,5,krishnamurti_dravidian_2003,,,,,,,,,,,
7.0,yes,ar,zanjabil,,,yes,,,unknown language,,?,,,,,id.,ginger,unidentified Southeast Asian language,,,"Khasi \textit{sying} /sÊ”iÅ‹/, Thai \textit{khing}, Vietnamese \textit{gá»«ng}, Chinese \textit{jiÄng}",,,,,,,,,,,,,,,oed,,,,,,,,,,,
8.0,yes,ar,zanjabil,,,,yes,,Proto-Sino-Tibetan,,*kjaÅ‹,,,,,id.,ginger,,,,,,,,,,,,,,,,,,,,,,,,,,,,,,
,,,,,,,,,,,,,,,,,,,,,,,,,,,,,,,,,,,,,,,,,,,,,,,
1.0,yes,zh,jiang,,,,,,Mandarin Chinese,è–‘,jiÄng,,,,,ginger,ginger,,,,,,,,,,-3,-221,Spring and Autumn - Warring States,CTP,,Analects; SWJZ,,,,,,360,kleeman_oxford_2010,,https://en.wiktionary.org/wiki/%E8%96%91,,,,,,
2.0,yes,zh,jiang,,,yes,,,Middle Chinese,ä•¬; è–‘,,ğ§…,,MC /kÉ¨ÉÅ‹/,,id.,ginger,,,,,,,,,,,,,,,,,,,,,,,,,,,,,,
3.0,yes,zh,jiang,,,,,,Old Chinese,ä•¬,,,,OC /*kaÅ‹/,,id.,ginger,,,,,,,,,,,,,,,,,,,,,,,,,,,,,,
4.0,yes,zh,jiang,,,,,,Proto-Sino-Tibetan,,*kjaÅ‹,,,,,id.,ginger,,,,,Burmese á€á€»á€„á€ºá€¸ \textit{hkyang:},,,,,,,,,,,,,,,,,,,,,,,,,
,,,,,,,,,,,,,,,,,,,,,,,,,,,,,,,,,,,,,,,,,,,,,,,
1.0,yes,en,mace,,,,,,English,,mace,,,,,aril surrounding the nutmeg,aril surrounding the nutmeg,taken as a plural in Middle English (\textit{macis}) and a new singular mace was formed from it,,Middle English \textit{macis},,,,,,,13,1234,,oed,,,,,,,,,OE,https://www.etymonline.com/word/mace,,,,,,,
2.0,yes,en,mace,,,,,,Old French,,macis,,,,,id.,id.,,although only attested slightly later than in Middle English,,,,,,,,,,,,,,,,,,,,,,,,,,,,
3.0,yes,en,mace,,,,,or,Medieval Latin,,macis,,,,,id.,id.,,,,Hungarian \textit{mÃ¡cisdiÃ³},,,,,,12,,,,,,,,,,,,,,,,,,,,
4.0,yes,en,mace,,,,yes,,Latin,,macir,,,,,,,,,,,,,,,,,,,,,,,,,,,,,,,,,,,,
5.0,yes,en,mace,,,,yes,,Ancient Greek,Î¼Î¬ÎºÎ¹Ï,mÃ¡kir,,,,,,,,of uncertain origin,,,,,,,,,,,,,,,,,,,,http://www.perseus.tufts.edu/hopper/text?doc=Perseus:text:1999.04.0057:entry=ma/kir,,,,,,,,
,,,,,,,,,,,,,,,,,,,,,,,,,,,,,,,,,,,,,,,,,,,,,,,
1.0,yes,ar,basbas,,,,,,Arabic,Ø¨Ø³Ø¨Ø§Ø³,basbÄs,Ø¨Ø³Ø¨Ø§Ø³Ø©,basbÄsa,,,,mace,,,,,,,,,,,,,,,,,,,,,,,,,,,,,,
2.0,yes,ar,basbas,,,,,,Persian,,,,,,,,,,,,,,,,,,,,,,,,,,,,,,,,,,,,,,
,,,,,,,,,,,,,,,,,,,,,,,,,,,,,,,,,,,,,,,,,,,,,,,
1.0,yes,zh,roudoukoupi,,,,,,Mandarin Chinese,è‚‰è±†è”»çš®,rÃ²udÃ²ukÃ²upÃ­,è‚‰è±†è”»ä¹¾çš®,rÃ²udÃ²ukÃ²ugÄnpÃ­,,,,mace,,,,,,,,,,,,,,,,,,,,,,,,,,,,,,
,,,,,,,,,,,,,,,,,,,,,,,,,,,,,,,,,,,,,,,,,,,,,,,
1.0,yes,en,nutmeg,,,,,,English,,nutmeg,,,,,,,,,"Middle English notmyg, nutemug(g)e, etc.",,,,,,,,,,,,,,,,,,,OE,https://www.etymonline.com/word/nutmeg,,,,,,,
2.0,yes,en,nutmeg,,,,,,Anglo-Norman,,*nois mugue,,,,,,,,,,,,,,,,,,,,,,,,,,,,,,,,,,,,
3.0,yes,en,nutmeg,,,,,,Old French,,nois mug(u)ede; nois musguete,,,,,,,,,,,,,,,,,,,,,,,,,,,,,,,,,,,,
4.0,yes,en,nutmeg,,,,,,Romance,,*nuce muscÄta,,,,,,,,,,,,,,,,,,,,,,,,,,,,,,,,,,,,
5.0,yes,en,nutmeg,,,,,,Latin,,nux muscada,,,,,,,,,,,,,,,,,,,,,,,,,,,,,,,,,,,,
6.0,yes,en,nutmeg,,,,,,Pahlavi,,*muÅ¡k,,,,,,,,,,,,,,,,,,,,,,,,,,,,,,,,,,,,
7.0,yes,en,nutmeg,,,,,,Sanskrit,,muá¹£ka,,,,,,,,,,,,,,,,,,,,,,,,,,,,,,,,,,,,
,,,,,,,,,,,,,,,,,,,,,,,,,,,,,,,,,,,,,,,,,,,,,,,
1.0,yes,ar,jawz al-tib,,,,,,Arabic,Ø¬ÙˆØ² Ø§Ù„Ø·ÙŠØ¨,jawz al-á¹­Ä«b,,,,,,nutmeg,,,,,,,,,,,,,,,,,,,,,,,,,,,,,,
2.0,yes,ar,jawz al-tib,,,,,,Persian,,jawz buwwa,,,,,,nutmeg,,,,,,,,,,,,,,,,,,,,,,,,,,,,,,
,,,,,,,,,,,,,,,,,,,,,,,,,,,,,,,,,,,,,,,,,,,,,,,
1.0,yes,zh,roudoukou,,,,,,Mandarin Chinese,è‚‰è±†è”»,rÃ²udÃ²ukÃ²u,,,,,,nutmeg,,,,,,,,,,,,,,,,,,,,,,,,,,,,,,
,,,,,,,,,,,,,,,,,,,,,,,,,,,,,,,,,,,,,,,,,,,,,,,
1.0,yes,en,saffron,,,,,,English,,saffron,,,,,,,,,,,Middle English \textit{saf(f)rÇ’un},,"Etymology: < French safran (12th cent. in Hatzfeld & Darmesteter), whence also Middle Low German safferÃ¢n, Middle Dutch saffraen (Dutch saffraan), Middle High German saffrÃ¢n (modern German safran). The ultimate source is Arabic zaÊ¿farÄn (adopted unchanged in Turkish, Persian, and Hindi); also Jewish Aramaic zaÊ¿perÄnÄ). The Arabic word with prefixed definite article, azzaÊ¿farÄn, is represented by Spanish azafran, Portuguese aÃ§afrÃ£o; the word without this prefix gives rise to Italian zafferano, zaffrone, ProvenÃ§al safran, safrÃ¡, Catalan safrÃ¡, French safran, medieval Latin safranum, medieval Greek Î¶Î±Ï•Ïá¾¶Ï‚, modern Greek ÏƒÎ±Ï•ÏÎ¬Î½Î¹, Russian Å¡afran. The origin of Arabic zaÊ¿farÄn is unknown; it is not connected with Ã§afrÄ' feminine of aÃ§far yellow. The Turkish synonym Ã§afrÄn (Zenker; given in Redh.-Wells only as an incorrect pronunciation) may however be derived from this adjective, and may be the source of some of the European forms.",yes,,13,c. 1200,,,,,,,saffron,oed,https://www.oed.com/view/Entry/169701,,OE,https://www.etymonline.com/word/saffron,,,,yes,,,
2.0,yes,en,saffron,,,,,,French,,safran,,,,,id.,id.,,,,,"Middle Low German \textit{safferÃ¢n}, Middle Dutch \textit{saffraen} (Dutch \textit{saffraan}), Middle High German \textit{saffrÃ¢n} (modern German \textit{safran})",,,yes,yes,12,c. 1150,,,,,,,saf(f)rÇ’un,lewis_middle_1952,https://quod.lib.umich.edu/m/middle-english-dictionary/dictionary/MED38255/,,MED,https://quod.lib.umich.edu/m/middle-english-dictionary/dictionary/MED38255/,,tlfi,https://www.cnrtl.fr/etymologie/safran,yes,,,
3.0,yes,en,saffron,,,,,,Medieval Latin,,saffrÄnum,,,,,id.,id.,,,,,,,Anglo-Latin,yes,yes,,,,,,,,,safran,tlfi,https://www.cnrtl.fr/etymologie/safran,,MED,https://quod.lib.umich.edu/m/middle-english-dictionary/dictionary/MED38255/,,,,yes,,,
4.0,yes,en,saffron,,,,,,Arabic,Ø²Ø¹ÙØ±Ø§Ù†,zaÊ¿farÄn,,,,,id.,id.,,not connected with \textit{á¹£afrÄ'} feminine of \textit{aá¹£far} `yellow',,,"Turkish, Persian, and Hindi; Jewish Aramaic \textit{zaÊ¿perÄnÄ}; Spanish \textit{azafran}, Portuguese \textit{aÃ§afrÃ£o}; the word without this prefix gives rise to Italian \textit{zafferano, zaffrone}, ProvenÃ§al \textit{safran, safrÃ¡}, Catalan \textit{safrÃ¡}, French \textit{safran}, medieval Latin \textit{safranum}, medieval Greek Î¶Î±Ï•Ïá¾¶Ï‚ \textit{zaforÃ¡s}, modern Greek ÏƒÎ±Ï•ÏÎ¬Î½Î¹ \textit{safrÃ¡ni}, Russian \textit{Å¡afran}. ",,"The Turkish synonym Ã§afrÄn (Zenker; given in Redh.-Wells only as an incorrect pronunciation) may however be derived from this adjective, and may be the source of some of the European forms.",yes,yes,7,7,,,,,,,,wehr_dictionary_1976,"http://ejtaal.net/aa/#hw4=451,ll=1274,ls=5,la=1833,sg=475,ha=301,br=423,pr=70,aan=243,mgf=391,vi=178,kz=1000,mr=289,mn=570,uqw=709,umr=459,ums=388,umj=333,ulq=860,uqa=173,uqq=137,bdw=h388,amr=h280,asb=h413,auh=h692,dhq=h232,mht=h377,msb=h103,tla=h55,amj=h320,ens=h1,mis=h1",,Hans-Wehr,"http://ejtaal.net/aa/#hw4=451,ll=1274,ls=5,la=1833,sg=475,ha=301,br=423,pr=70,aan=243,mgf=391,vi=178,kz=1000,mr=289,mn=570,uqw=709,umr=459,ums=388,umj=333,ulq=860,uqa=173,uqq=137,bdw=h388,amr=h280,asb=h413,auh=h692,dhq=h232,mht=h377,msb=h103,tla=h55,amj=h320,ens=h1,mis=h1",,,,yes,,,
,,,,,,,,,,,,,,,,,,,,,,,,,,,,,,,,,,,,,,,,,,,,,,,
1.0,yes,ar,zafaran,,,,,,Arabic,Ø²Ø¹ÙØ±Ø§Ù†,zaÊ¿farÄn,,,,,id.,saffron,,not connected with á¹£afrÄ' feminine of aá¹£far yellow,,,"Turkish, Persian, and Hindi; Jewish Aramaic zaÊ¿perÄnÄ; Spanish azafran, Portuguese aÃ§afrÃ£o; the word without this prefix gives rise to Italian zafferano, zaffrone, ProvenÃ§al safran, safrÃ¡, Catalan safrÃ¡, French safran, medieval Latin safranum, medieval Greek Î¶Î±Ï•Ïá¾¶Ï‚, modern Greek ÏƒÎ±Ï•ÏÎ¬Î½Î¹, Russian Å¡afran. ",,"The Turkish synonym Ã§afrÄn (Zenker; given in Redh.-Wells only as an incorrect pronunciation) may however be derived from this adjective, and may be the source of some of the European forms.",yes,yes,7,7,,,,,,,,wehr_dictionary_1976,"http://ejtaal.net/aa/#hw4=451,ll=1274,ls=5,la=1833,sg=475,ha=301,br=423,pr=70,aan=243,mgf=391,vi=178,kz=1000,mr=289,mn=570,uqw=709,umr=459,ums=388,umj=333,ulq=860,uqa=173,uqq=137,bdw=h388,amr=h280,asb=h413,auh=h692,dhq=h232,mht=h377,msb=h103,tla=h55,amj=h320,ens=h1,mis=h1",,Hans-Wehr,"http://ejtaal.net/aa/#hw4=451,ll=1274,ls=5,la=1833,sg=475,ha=301,br=423,pr=70,aan=243,mgf=391,vi=178,kz=1000,mr=289,mn=570,uqw=709,umr=459,ums=388,umj=333,ulq=860,uqa=173,uqq=137,bdw=h388,amr=h280,asb=h413,auh=h692,dhq=h232,mht=h377,msb=h103,tla=h55,amj=h320,ens=h1,mis=h1",,,,yes,,,
2.0,yes,ar,zafaran,,,,yes,,Pahlavi,,zarparÄn,,,,golden thread,id.,saffron,"\textit{zar} `gold' + \textit{par} `feather' + \textit{-Än} `pl.', a pseudo-etymological explanation",,,,,,,,yes,,,,,,,,,,"[]{asbaghi_persische_1988}[65, 98]{mackenzie_concise_1986}[safran]{ns}",,,NiÅŸanyan SÃ¶zlÃ¼k,https://www.nisanyansozluk.com/kelime/safran,,"MacKenzie, 1986:65, 98",,yes,,,
3.0,yes,ar,zafaran,,,,yes,,Akkadian,\cu{ğ’Œ‘ğ’„¯ğ’Š•},"azupÄ«ru, azupÄ«rÄnu",,,,,a spice and medicinal plant,a spice and medicinal plant,,unlikely etymon,,,,,Sumerian? https://en.wikipedia.org/wiki/Azupiranu,,,,,,,,,,,,"[33]{black_concise_2000}[vol. 2, 530-531]{roth_assyrian_2004}",,,CAD A2:530-531,https://oi.uchicago.edu/research/publications/assyrian-dictionary-oriental-institute-university-chicago-cad,,,,yes,,,
,,,,,,,,,,,,,,,,,,,,,,,,,,,,,,,,,,,,,,,,,,,,,,,
1.0,yes,zh,fanhonghua,,,,,,Mandarin Chinese,ç•ªç´…èŠ±,fÄnhÃ³nghuÄ,,,,foreign-red-flower,saffron,saffron,"reached China from way of Kashmir and Tibet, hence the synonyms è—ç´…èŠ± \textit{zÃ nghÃ³nghuÄ} [Tibetan-red-flower], è¥¿ç´…èŠ± \textit{xÄ«hÃ³nghuÄ} [western-red-flower]",,,,,,,,,,,,,,,,,,kleeman_oxford_2010,,,,,,,,yes,,,
,,,,,,,,,,,,,,,,,,,,,,,,,,,,,,,,,,,,,,,,,,,,,,,
1.0,yes,en,Sichuan pepper,,,,,,English,,Sichuan pepper,,,,,,,,,,,,,,,,,,,,,,,,,,,,,,,,,,,,
,,,,,,,,,,,,,,,,,,,,,,,,,,,,,,,,,,,,,,,,,,,,,,,
1.0,yes,en,fagara,,,,,,English,,fagara,,,,,,,,,,,,,,,,,,,,,,,,,,,,,,,,,,,,
2.0,yes,en,fagara,,,,,,Medieval Latin,,fagara,,,,,Sichuan pepper?; cubeb?,Sichuan pepper?; cubeb?,translingual word from scientific Latin; coined by European botanists reading Avicenna (cf. da Orta),,,,,,,,,16,16,,,,,,,,,,,,,,,,,,,
3.0,yes,en,fagara,,,,,,Arabic,ÙØ§ØºØ±Ø©,fÄghira,,,,,,,,,,,,,,,,,,,,,,,,,,,,,,,,,,,,
4.0,yes,en,fagara,,,,yes,,Persian,,fÄkhira,,,,,,,,,,,,,,,,,,,,,,,,,,,,,,,,,,,,
,,,,,,,,,,,,,,,,,,,,,,,,,,,,,,,,,,,,,,,,,,,,,,,
1.0,yes,ar,fulful sitshuwan,,,,,,Arabic,ÙÙ„ÙÙ„ Ø³ÙŠØªØ´ÙˆØ§Ù†,fulful sÄ«tshuwÄn,,,,,,Sichuan pepper,,,,,,,,,,,,,,,,,,,,,,,,,,,,,,
,,,,,,,,,,,,,,,,,,,,,,,,,,,,,,,,,,,,,,,,,,,,,,,
1.0,yes,zh,huajiao,,,,,,Mandarin Chinese,èŠ±æ¤’,huÄâ€‹jiÄo,,,,flower-pepper,,Sichuan pepper,,,,,,,,,,,,,,,,,,,,,,,,,,,,,,
,,,,,,,,,,,,,,,,,,,,,,,,,,,,,,,,,,,,,,,,,,,,,,,
1.0,yes,en,star anise,,,,,,English,,star anise,,,,,,star anise,,,,,,,,,,,,,,,,,,,,,,,,,,,,,,
,,,,,,,,,,,,,,,,,,,,,,,,,,,,,,,,,,,,,,,,,,,,,,,
1.0,yes,ar,yansun najmi,,,,,,Arabic,ÙŠÙ†Ø³ÙˆÙ† Ù†Ø¬Ù…ÙŠ,yansÅ«n najmÄ«,,,,,,star anise,,,,,,,,,,,,,,,,,,,,,,,,,,,,,,
,,,,,,,,,,,,,,,,,,,,,,,,,,,,,,,,,,,,,,,,,,,,,,,
1.0,yes,zh,bajiaohuixiang,,,,,,Mandarin Chinese,å…«è§’èŒ´é¦™,bÄjiÇohuÃ­xiÄng,,,,,,star anise,,,,,,,,,,,,,,,,,,,,,,,,,,,,,,
,,,,,,,,,,,,,,,,,,,,,,,,,,,,,,,,,,,,,,,,,,,,,,,
1.0,yes,en,badian,,,,,,English,,badian,,,,,star anise,star anise,,,,,,,,,,17,1693,,,,,,,,oed,https://www.oed.com/view/Entry/14568,,,,,,,,,,
2.0,yes,en,badian,,,,,,French,,badiane,,,,,star anise,star anise,,,,,,,,,,17,1681,,,,,,,,tlfi,https://www.cnrtl.fr/etymologie/badiane,,,,,,,,,,
3.0,yes,en,badian,,,,,,Persian,Ø¨Ø§Ø¯ÛŒØ§Ù†,bÄdyÄn,,,,,fennel; anise,fennel; anise,,,,,,,,,,,,,,,,,,,[140]{steingass_comprehensive_1892}[197]{hayyim_new_1934},https://dsal.uchicago.edu/cgi-bin/app/steingass_query.py?qs=%D8%A8%D8%A7%D8%AF%DB%8C%D8%A7%D9%86&matchtype=default,,,https://dsal.uchicago.edu/cgi-bin/app/steingass_query.py?qs=%D8%A8%D8%A7%D8%AF%DB%8C%D8%A7%D9%86&matchtype=default,,,https://dsal.uchicago.edu/cgi-bin/app/hayyim_query.py?qs=%D8%A8%D8%A7%D8%AF%DB%8C%D8%A7%D9%86&matchtype=default,,,,
5.0,yes,en,badian,,,yes,yes,,Mandarin Chinese,å…«è§’,bÄjiÇo,,,,eight-horns,star anise,star anise,"unlikely, undocumented",,,,,,,,,,,,,,,,,,,,,,,,,,,,,
,,,,,,,,,,,,,,,,,,,,,,,,,,,,,,,,,,,,,,,,,,,,,,,
1.0,yes,en,turmeric,,,,,,English,,turmeric,,,,,,turmeric,obscure origin,by alteration of earlier forms,Middle English \textit{turmeryte},,,,,,,16,1545,,,,,,,turmeric,OED,,turmeric,OE,https://www.etymonline.com/word/turmeric,,,,,,,
2.0,yes,en,turmeric,,,,yes,akin to,French,,terre mÃ©rite,,,,worthy earth,saffron,saffron,,,,,,,,,,17,17,,,,,,,turmeric,OE,https://www.etymonline.com/word/turmeric,,,,,,,,,,
3.0,yes,en,turmeric,,,,yes,and,Medieval Latin,,terra merita,,,,deserved earth,id.,turmeric,,,,,,,,,,16,16,,,,,,,,guthrie_trade-language_2009,,,,,,,,,,,
4.0,yes,en,turmeric,,,,yes,,Arabic,,kurkum,,,,,turmeric; saffron,turmeric; saffron,maybe a folk-etymological corruption,,,,,,,,,,,,,,,,,789,klein_comprehensive_1971,,,,,,,,,,,
,,,,,,,,,,,,,,,,,,,,,,,,,,,,,,,,,,,,,,,,,,,,,,,
1.0,yes,ar,kurkum,,,,,,Arabic,ÙƒØ±ÙƒÙ…,kurkum,,,,,,turmeric; saffron,,,,Hebrew \he{×›Ö·Ö¼×¨Ö°×›Ö¹Ö¼×•×} \textit{karkom}; Aramaic \he{×›Ö¼×•Ö¼×¨Ö°×›Ö°Ö¼×Ö¸×â€}/\sy{ÜŸÜ½Ü˜ÜªÜŸÜ¡Ü³Üâ€} \textit{kurkmÄ}; Akkadian \cu{ğ’Œ‘ğ’†ªğ’„€ğ’†¸ğ’ˆ¾} \textit{kurkanÅ«},,,,,,,,,,,,,,kwrkm,cal,https://cal.huc.edu/oneentry.php?lemma=kwrkm+N&cits=all,,,,,,,,,,
2.0,yes,ar,kurkum,,,,yes,,Sanskrit,à¤•à¥à¤™à¥à¤•à¥à¤® ,kuá¹…kuma,,,,,,saffron,,,,,,,"according to Guthrie (2009), Sanskrit is a loanword",,,,,,,,,,,,guthrie_trade-language_2009,,,,,,,,,,,
,,,,,,,,,,,,,,,,,,,,,,,,,,,,,,,,,,,,,,,,,,,,,,,
1.0,yes,zh,jianghuang,,,,,,Mandarin Chinese,è–‘é»ƒ,jiÄnghuÃ¡ng,,,,,,turmeric,\textit{jiang} `ginger' + \textit{huang} `yellow',,,,,,,,,,,,,,,,,856,kleeman_oxford_2010,,,,,,,,,,,
,,,,,,,,,,,,,,,,,,,,,,,,,,,,,,,,,,,,,,,,,,,,,,,
1.0,yes,en,vanilla,,,,,,English,,vanilla ,,vaynilla,,,,,,,,,,,,yes,,17,1662,,,,,,,vanilla,oed,https://www.oed.com/view/Entry/221377,,Etymonline,https://www.etymonline.com/word/vanilla,,,,yes,,,
2.0,yes,en,vanilla,,,,,,Spanish,,vainilla,,vaynilla,,"little sheath, little pod",id.,id.,"from \textit{vaina/vaÃ­na} `scabbard, sheath; pod, husk' + \textit{-illa} diminutive suffix",,,,,,,,yes,16,1555,,,,,,,,[538]{gomez_de_silva_elseviers_1985}[596]{corominas_breve_1987},,,Collins,https://www.collinsdictionary.com/dictionary/spanish-english/vainilla,,"GÃ³mez de Silva, 1985 p. 538",https://www.collinsdictionary.com/dictionary/spanish-english/vaina,yes,,,
4.0,yes,en,vanilla,,,,,,Latin,,vÄgÄ«na,,,,,"scabbard, sheath; covering, holder of anything","scabbard, sheath; covering, holder of anything","esp. husks that enclose an ear of grain; also by anatomical figurative sense, origin of vagina",,,,,,,,,,,,,,,,,vÄgÄ«na,lewis_latin_1879,,,Lewis & Short,http://www.perseus.tufts.edu/hopper/text?doc=Perseus%3Atext%3A1999.04.0059%3Aentry%3Dvagina,,,,yes,,,
,,,,,,,,,,,,,,,,,,,,,,,,,,,,,,,,,,,,,,,,,,,,,,,
1.0,yes,ar,faniliya,,,,,,Arabic,ÙØ§Ù†ÙŠÙ„ÙŠØ§ØŒ ÙØ§Ù†ÙŠÙ„Ø§,"fÄnÄ«liyÄ, fÄnÄ«llÄ",,,,,vanilla,vanilla,,"no /v/ sound in arabic, rendered with /f/ or /w/",,,,,also \textit{wanÄ«liyya},yes,,?,?,,,,,,,814,baalbaki_-mawrid_1995,,,,,,,,yes,,,
2.0,yes,ar,faniliya,,,,yes,,French,,vanilia,,,,,id.,vanilla,,,,,,,,,,,,,,,,,,,,,,,,,,,,,,
,,,,,,,,,,,,,,,,,,,,,,,,,,,,,,,,,,,,,,,,,,,,,,,
1.0,yes,zh,xiangcao,,,,,,Mandarin Chinese,é¦™è‰,xiÄngcÇo,,,,fragrant-grass,vanilla,vanilla,,also Cantonese é›²å‘¢æ‹¿ \textit{wan4 nei1 laa4-2},,,,,,,,?,?,,,,,,,,mdbg,,,kleeman_oxford_2010,,,,,yes,,,
